fun_score,id_suggest,noun,adjective,context,shatter
124,evidence_hourglass,hourglass,evidence,won at casino,yes
117,haunted_rubber_chicken,rubber chicken,haunted,stolen then returned,maybe
116,evidence_ventriloquist_dummy,ventriloquist dummy,evidence,labeled EVIDENCE,maybe
116,haunted_megaphone,megaphone,haunted,stolen then returned,maybe
116,haunted_toaster,toaster,haunted,full of glitter,maybe
115,evidence_bowling_pin,bowling pin,evidence,with a lawsuit,maybe
111,gag_denture_cup,denture cup,gag,full of glitter,maybe
109,haunted_aquarium,aquarium,haunted,with a photo,yes
109,haunted_crystal_ball,crystal ball,haunted,with a lawsuit,yes
108,evidence_cash_register,cash register,evidence,welded shut,maybe
107,gag_novelty_glasses,novelty glasses,gag,smelling of fish,yes
105,evidence_waffle_iron,waffle iron,evidence,from a raid,maybe
102,burnt_hourglass,hourglass,burnt,labeled EVIDENCE,yes
102,expired_hourglass,hourglass,expired,full of glitter,yes
100,gag_hourglass,hourglass,gag,with mouse droppings,yes
99,evidence_cowbell,cowbell,evidence,with a lawsuit,maybe
99,evidence_drafting_set,drafting set,evidence,in a sock,maybe
99,evidence_pop_filter,pop filter,evidence,with a lawsuit,maybe
99,gag_apothecary_jar,apothecary jar,gag,welded shut,maybe
99,gag_boot_jack,boot jack,gag,with a lawsuit,maybe
99,gag_flash_cards,flash cards,gag,from a raid,maybe
99,gag_hypno_spiral,hypno spiral,gag,full of glitter,maybe
99,gag_ledger_book,ledger book,gag,from a raid,maybe
99,gag_lucky_cat,lucky cat,gag,from a divorce,maybe
99,haunted_brooder_lamp,brooder lamp,haunted,stolen then returned,yes
99,haunted_cushion_insert,cushion insert,haunted,still beeping,maybe
99,haunted_patch_bay,patch bay,haunted,with a lawsuit,maybe
99,haunted_payphone_handset,payphone handset,haunted,full of glitter,maybe
99,haunted_powder_horn,powder horn,haunted,welded shut,maybe
99,haunted_tongs_feeding,tongs feeding,haunted,with a lawsuit,maybe
98,evidence_bark_collar,bark collar,evidence,from a raid,maybe
98,evidence_box_fan,box fan,evidence,from a divorce,maybe
98,evidence_bubble_machine,bubble machine,evidence,from a raid,maybe
98,evidence_denture_adhesive,denture adhesive,evidence,still beeping,maybe
98,evidence_entrenching_tool,entrenching tool,evidence,still beeping,maybe
98,evidence_game_boy,Game Boy,evidence,full of glitter,maybe
98,evidence_harmonica,harmonica,evidence,labeled DO NOT SELL,maybe
98,evidence_porthole_frame,porthole frame,evidence,welded shut,maybe
98,evidence_salt_mix_bucket,salt mix bucket,evidence,still beeping,maybe
98,evidence_stretcher_fold,stretcher fold,evidence,won at casino,maybe
98,evidence_walker_banned,walker banned,evidence,labeled EVIDENCE,maybe
98,gag_barf_bag_signed,barf bag signed,gag,still beeping,maybe
98,gag_cigar_humidor,cigar humidor,gag,from a divorce,maybe
98,gag_confetti_cannon,confetti cannon,gag,labeled EVIDENCE,maybe
98,gag_fly_swatter_set,fly swatter set,gag,with a lawsuit,maybe
98,gag_heating_pad,heating pad,gag,labeled EVIDENCE,maybe
98,gag_ph_meter,pH meter,gag,with a lawsuit,maybe
98,gag_safe_dial_practice,safe dial practice,gag,won at casino,maybe
98,gag_signed_basketball,signed basketball,gag,labeled EVIDENCE,maybe
98,gag_trunk_travel,trunk travel,gag,won at casino,maybe
98,haunted_doubloon_plastic,doubloon plastic,haunted,stolen then returned,maybe
98,haunted_hamster_wheel,hamster wheel,haunted,labeled EVIDENCE,maybe
98,haunted_jukebox,jukebox,haunted,in a sock,maybe
98,haunted_uv_nail_lamp,UV nail lamp,haunted,welded shut,yes
98,haunted_wedding_cake_knife,wedding cake knife,haunted,smelling of fish,maybe
97,evidence_centrifuge_toy,centrifuge toy,evidence,labeled EVIDENCE,maybe
97,evidence_cone_of_shame,cone of shame,evidence,still beeping,maybe
97,evidence_cotton_candy_spinner,cotton candy spinner,evidence,full of glitter,maybe
97,evidence_egg_cup_set,egg cup set,evidence,with a lawsuit,maybe
97,evidence_eyepatch_silk,eyepatch silk,evidence,won at casino,maybe
97,evidence_fake_vomit,fake vomit,evidence,from a divorce,maybe
97,evidence_payphone_handset,payphone handset,evidence,labeled EVIDENCE,maybe
97,evidence_pipe_rack,pipe rack,evidence,labeled EVIDENCE,maybe
97,evidence_pool_noodle_bin,pool noodle bin,evidence,won at casino,maybe
97,evidence_rubber_duck_army,rubber duck army,evidence,from a divorce,maybe
97,evidence_thermos_giant,thermos giant,evidence,with a lawsuit,maybe
97,evidence_ultrasound_photo,ultrasound photo,evidence,stolen then returned,maybe
97,evidence_vhs_security_tapes,VHS security tapes,evidence,from a divorce,maybe
97,evidence_world_time_clock,world time clock,evidence,in a sock,maybe
97,gag_fire_extinguisher,fire extinguisher,gag,labeled EVIDENCE,maybe
97,gag_frisbee_glow,frisbee glow,gag,stolen then returned,maybe
97,gag_jumperoo,jumperoo,gag,from a divorce,maybe
97,gag_macrame_plant,macrame plant,gag,with a lawsuit,maybe
97,gag_trophy_bowling,trophy bowling,gag,in a sock,maybe
97,gag_waffle_iron,waffle iron,gag,with a note,maybe
97,haunted_cash_register,cash register,haunted,from a flood,maybe
97,haunted_fireworks_illegal,fireworks illegal,haunted,welded shut,maybe
97,haunted_hand_puppets,hand puppets,haunted,smelling of fish,maybe
97,haunted_key_cabinet,key cabinet,haunted,won at casino,maybe
97,haunted_meat_grinder,meat grinder,haunted,labeled EVIDENCE,maybe
97,haunted_sewing_form,sewing form,haunted,won at casino,maybe
97,haunted_walker_wheels,walker wheels,haunted,stolen then returned,maybe
97,plastic_snow_globe,snow globe,plastic,stolen then returned,yes
96,evidence_activity_gym,activity gym,evidence,with a lawsuit,maybe
96,evidence_hotel_key_board,hotel key board,evidence,with a lawsuit,maybe
96,evidence_modeling_clay,modeling clay,evidence,in a sock,maybe
96,evidence_paint_set_oils,paint set oils,evidence,smelling of fish,maybe
96,evidence_tuba_kids,tuba kids,evidence,welded shut,maybe
96,gag_bias_tape,bias tape,gag,stolen then returned,maybe
96,gag_bunsen_burner,bunsen burner,gag,won at casino,maybe
96,gag_hose_nozzle,hose nozzle,gag,labeled EVIDENCE,maybe
96,gag_laserdisc,LaserDisc,gag,still beeping,maybe
96,gag_live_rock_dry,live rock dry,gag,full of glitter,maybe
96,gag_shower_head_rain,shower head rain,gag,stolen then returned,maybe
96,gag_training_dummy,training dummy,gag,smelling of fish,maybe
96,haunted_bidet_attachment,bidet attachment,haunted,from a raid,maybe
96,haunted_bowling_pin,bowling pin,haunted,padlocked,maybe
96,haunted_card_shuffler,card shuffler,haunted,in a sock,maybe
96,haunted_gate_remote,gate remote,haunted,welded shut,maybe
96,haunted_heating_lamp,heating lamp,haunted,from a raid,yes
96,haunted_ice_pack_novelty,ice pack novelty,haunted,still beeping,maybe
96,haunted_joy_buzzer_box,joy buzzer box,haunted,from a raid,maybe
96,haunted_parachute_toy,parachute toy,haunted,in a sock,maybe
96,haunted_parrot_perch,parrot perch,haunted,stolen then returned,maybe
96,haunted_pipe_rack,pipe rack,haunted,full of glitter,maybe
96,haunted_rice_cooker,rice cooker,haunted,in a sock,maybe
95,evidence_baggage_scale,baggage scale,evidence,full of glitter,maybe
95,evidence_breast_pump,breast pump,evidence,in a sock,maybe
95,evidence_cuckoo_nest_empty,cuckoo nest empty,evidence,stolen then returned,maybe
95,evidence_gopro_mount_only,gopro mount only,evidence,from a raid,maybe
95,evidence_megaphone,megaphone,evidence,wrapped in newspaper,maybe
95,evidence_napkin_rings,napkin rings,evidence,smelling of fish,maybe
95,evidence_treat_pouch,treat pouch,evidence,welded shut,maybe
95,evidence_vinyl_record,vinyl record,evidence,still beeping,maybe
95,gag_certificate_laminated,certificate laminated,gag,with a lawsuit,maybe
95,gag_mres_expired,MREs expired,gag,smelling of fish,maybe
95,gag_ventriloquist_dummy,ventriloquist dummy,gag,wrapped in newspaper,maybe
95,gag_water_pik,water pik,gag,with a lawsuit,maybe
95,haunted_bike_lock,bike lock,haunted,full of glitter,maybe
95,haunted_chiller_unit,chiller unit,haunted,with a lawsuit,maybe
95,haunted_cutlass_foam,cutlass foam,haunted,in a sock,maybe
95,haunted_feather_wand,feather wand,haunted,welded shut,maybe
95,haunted_hockey_puck_signed,hockey puck signed,haunted,still beeping,maybe
95,haunted_recorder_plastic,recorder plastic,haunted,labeled EVIDENCE,maybe
94,evidence_bulb_mesh_bag,bulb mesh bag,evidence,still beeping,maybe
94,evidence_donut_maker,donut maker,evidence,labeled EVIDENCE,maybe
94,evidence_egg_candler,egg candler,evidence,from a divorce,maybe
94,evidence_fake_dog_poop,fake dog poop,evidence,in a trash bag,maybe
94,evidence_gloves_boxing,gloves boxing,evidence,still beeping,maybe
94,evidence_ipod_classic,iPod classic,evidence,smelling of fish,maybe
94,evidence_knee_pads,knee pads,evidence,stolen then returned,maybe
94,evidence_recorder_plastic,recorder plastic,evidence,stolen then returned,maybe
94,evidence_scuba_mask,scuba mask,evidence,from a raid,maybe
94,evidence_soda_siphon,soda siphon,evidence,stolen then returned,maybe
94,evidence_stethoscope,stethoscope,evidence,full of glitter,maybe
94,evidence_taxidermy_squirrel,taxidermy squirrel,evidence,padlocked,maybe
94,evidence_thermometer_ear,thermometer ear,evidence,won at casino,maybe
94,gag_garage_opener,garage opener,gag,in a sock,maybe
94,gag_hubcap_chrome,hubcap chrome,gag,with a lawsuit,maybe
94,gag_pillow_form,pillow form,gag,labeled EVIDENCE,maybe
94,gag_rotary_phone,rotary phone,gag,from a divorce,maybe
94,gag_sandwich_press,sandwich press,gag,won at casino,maybe
94,gag_stink_bomb_pack,stink bomb pack,gag,in a sock,maybe
94,gag_toothbrush_holder,toothbrush holder,gag,in a sock,maybe
94,haunted_commode_chair,commode chair,haunted,from a raid,maybe
94,haunted_horseshoe_set,horseshoe set,haunted,from a raid,maybe
94,haunted_incense_skull,incense skull,haunted,full of glitter,maybe
94,haunted_lab_flask,lab flask,haunted,from a divorce,maybe
94,haunted_shower_radio,shower radio,haunted,from a raid,maybe
94,haunted_stencil_pack,stencil pack,haunted,from a divorce,maybe
94,haunted_tank_model,tank model,haunted,labeled EVIDENCE,maybe
94,limited_aquarium,aquarium,limited,with a lawsuit,yes
93,evidence_bird_swing,bird swing,evidence,won at casino,maybe
93,evidence_checkers_set,checkers set,evidence,welded shut,maybe
93,evidence_fever_strip,fever strip,evidence,from a divorce,maybe
93,evidence_onesie_mystery,onesie mystery,evidence,in a sock,maybe
93,evidence_slide_rule,slide rule,evidence,from a raid,maybe
93,evidence_snake_skin_shed,snake skin shed,evidence,in a sock,maybe
93,evidence_toilet_seat_gold,toilet seat gold,evidence,smelling of fish,maybe
93,gag_air_stone_pack,air stone pack,gag,in a sock,maybe
93,gag_atari_2600,Atari 2600,gag,from a raid,maybe
93,gag_bumper_sticker_sheet,bumper sticker sheet,gag,full of glitter,maybe
93,gag_crib_mobile,crib mobile,gag,still beeping,maybe
93,gag_dress_form,dress form,gag,welded shut,maybe
93,gag_embroidery_hoop,embroidery hoop,gag,welded shut,maybe
93,gag_lovey_missing_eye,lovey missing eye,gag,still beeping,maybe
93,gag_perfume_atomizer,perfume atomizer,gag,full of glitter,maybe
93,gag_rune_stones,rune stones,gag,from a divorce,maybe
93,gag_stroller_fold,stroller fold,gag,from a raid,maybe
93,haunted_exersaucer,exersaucer,haunted,smelling of fish,maybe
93,haunted_felt_board,felt board,haunted,from a divorce,maybe
93,haunted_grow_light,grow light,haunted,won at casino,maybe
93,haunted_heat_rock,heat rock,haunted,in a sock,maybe
93,haunted_knee_pads,knee pads,haunted,labeled EVIDENCE,maybe
93,haunted_lantern_camping,lantern camping,haunted,won at casino,maybe
93,haunted_marker_bin,marker bin,haunted,smelling of fish,maybe
93,haunted_music_stand,music stand,haunted,full of glitter,maybe
93,haunted_panini_press,panini press,haunted,smelling of fish,maybe
93,haunted_pull_tab_opener,pull-tab opener,haunted,smelling of fish,maybe
93,haunted_pumice_stone,pumice stone,haunted,still beeping,maybe
93,haunted_seat_belt_pet,seat belt pet,haunted,labeled EVIDENCE,maybe
93,haunted_trophy_spelling,trophy spelling,haunted,won at casino,maybe
93,haunted_whoopee_remote,whoopee remote,haunted,with a lawsuit,maybe
92,evidence_pressure_cooker,pressure cooker,evidence,in a sock,maybe
92,evidence_raclette_grill,raclette grill,evidence,welded shut,maybe
92,gag_baggage_scale,baggage scale,gag,stolen then returned,maybe
92,gag_beekeeping_veil,beekeeping veil,gag,labeled EVIDENCE,maybe
92,gag_inhaler_spacer,inhaler spacer,gag,labeled EVIDENCE,maybe
92,gag_ouija_planchette,ouija planchette,gag,smelling of fish,maybe
92,gag_puppet_theater,puppet theater,gag,won at casino,maybe
92,gag_sugar_caddy,sugar caddy,gag,still beeping,maybe
92,haunted_chuckit_launcher,chuckit launcher,haunted,stolen then returned,maybe
92,haunted_hose_reel,hose reel,haunted,still beeping,maybe
92,haunted_pager,pager,haunted,with a lawsuit,maybe
92,haunted_rc_helicopter,RC helicopter,haunted,from a divorce,maybe
92,haunted_smoke_alarm_chirp,smoke alarm chirp,haunted,still beeping,maybe
92,haunted_taxidermy_squirrel,taxidermy squirrel,haunted,from a fire sale,maybe
92,haunted_yearbook_signed,yearbook signed,haunted,still beeping,maybe
92,plastic_accordion,accordion,plastic,in a sock,maybe
91,burnt_fake_dog_poop,fake dog poop,burnt,stolen then returned,maybe
91,evidence_bike_lock,bike lock,evidence,labeled EVIDENCE,maybe
91,evidence_keg_tap,keg tap,evidence,in a sock,maybe
91,evidence_meat_grinder,meat grinder,evidence,stolen then returned,maybe
91,evidence_napkin_dispenser,napkin dispenser,evidence,stolen then returned,maybe
91,foreclosure_taxidermy_squirrel,taxidermy squirrel,foreclosure,with a lawsuit,maybe
91,gag_airbrush_kit,airbrush kit,gag,welded shut,maybe
91,gag_car_battery,car battery,gag,welded shut,maybe
91,gag_crepe_maker,crepe maker,gag,from a divorce,maybe
91,gag_crucifix_wall,crucifix wall,gag,won at casino,maybe
91,gag_lantern_railroad,lantern railroad,gag,in a sock,maybe
91,gag_mannequin_hand,mannequin hand,gag,from a raid,maybe
91,gag_straight_razor,straight razor,gag,welded shut,maybe
91,gag_syringe_prop,syringe prop,gag,from a raid,maybe
91,haunted_cricket_keeper,cricket keeper,haunted,welded shut,maybe
91,haunted_kaleidoscope,kaleidoscope,haunted,labeled EVIDENCE,maybe
91,haunted_ouija_board,ouija board,haunted,with the wrong remote,maybe
91,haunted_trunk_steamer,trunk steamer,haunted,from a divorce,maybe
91,limited_snow_globe,snow globe,limited,labeled EVIDENCE,yes
90,evidence_clown_nose_jar,clown nose jar,evidence,won at casino,maybe
90,evidence_hair_dryer,hair dryer,evidence,stolen then returned,maybe
90,evidence_sound_machine,sound machine,evidence,with a lawsuit,maybe
90,evidence_teleprompter_diy,teleprompter DIY,evidence,welded shut,maybe
90,gag_angle_grinder,angle grinder,gag,with a lawsuit,maybe
90,gag_ashtray_tower,ashtray tower,gag,smelling of fish,maybe
90,gag_hygrometer,hygrometer,gag,still beeping,maybe
90,gag_muzzle_soft,muzzle soft,gag,full of glitter,maybe
90,gag_time_clock,time clock,gag,labeled EVIDENCE,maybe
90,haunted_candle_sticks_brass,candle sticks brass,haunted,from a raid,maybe
90,haunted_cat_tree,cat tree,haunted,from a raid,maybe
90,haunted_cross_stitch_kit,cross stitch kit,haunted,from a divorce,maybe
90,haunted_hair_dryer,hair dryer,haunted,labeled EVIDENCE,maybe
90,haunted_hot_water_bottle,hot water bottle,haunted,stolen then returned,maybe
90,haunted_smoke_grenade_novelty,smoke grenade novelty,haunted,with a lawsuit,maybe
90,haunted_sweater_stone,sweater stone,haunted,still beeping,maybe
90,lab_hourglass,hourglass,lab,stolen then returned,yes
90,plastic_lava_lamp,lava lamp,plastic,from a raid,yes
90,school_ouija_board,ouija board,school,from a raid,maybe
90,signed_mascot_head,mascot head,signed,stolen then returned,maybe
89,evidence_buddha_fat,buddha fat,evidence,labeled EVIDENCE,maybe
89,evidence_ceiling_fan_blade,ceiling fan blade,evidence,smelling of fish,maybe
89,evidence_dentist_chair_lamp,dentist chair lamp,evidence,smelling of fish,yes
89,evidence_lawn_dart_banned,lawn dart banned,evidence,smelling of fish,maybe
89,evidence_light_meter,light meter,evidence,smelling of fish,maybe
89,evidence_music_stand,music stand,evidence,labeled EVIDENCE,maybe
89,evidence_watercolor_tin,watercolor tin,evidence,full of glitter,maybe
89,evidence_weave_poles,weave poles,evidence,won at casino,maybe
89,gag_aftershave_splash,aftershave splash,gag,with a lawsuit,maybe
89,gag_blacklight,blacklight,gag,in a sock,maybe
89,gag_champagne_flutes,champagne flutes,gag,from a divorce,maybe
89,gag_kendama,kendama,gag,in a sock,maybe
89,gag_kiln_mini,kiln mini,gag,still beeping,maybe
89,gag_metronome_windup,metronome windup,gag,smelling of fish,maybe
89,gag_mic_stand,mic stand,gag,from a divorce,maybe
89,gag_organ_pedal,organ pedal,gag,from a divorce,maybe
89,gag_suitcase_spinner_dead,suitcase spinner dead,gag,from a raid,maybe
89,gag_walkie_talkie,walkie-talkie,gag,smelling of fish,maybe
89,gag_waterproof_radio,waterproof radio,gag,stolen then returned,maybe
89,haunted_cabinet_speaker,cabinet speaker,haunted,in a sock,maybe
89,haunted_mascot_head,mascot head,haunted,with a dead battery,maybe
89,haunted_mask_gas_antique,mask gas antique,haunted,labeled EVIDENCE,maybe
89,haunted_test_tube_rack,test tube rack,haunted,smelling of fish,maybe
89,lab_ship_in_bottle,ship in bottle,lab,still beeping,maybe
89,limited_bedpan,bedpan,limited,with a lawsuit,maybe
89,rusty_fake_dog_poop,fake dog poop,rusty,full of glitter,maybe
89,rusty_taxidermy_squirrel,taxidermy squirrel,rusty,still beeping,maybe
89,signed_whoopee_cushion_pack,whoopee cushion pack,signed,smelling of fish,maybe
88,burnt_denture_cup,denture cup,burnt,won at casino,maybe
88,evidence_bottle_ship_broken,bottle ship broken,evidence,from a raid,maybe
88,evidence_croquet_mallet,croquet mallet,evidence,from a divorce,maybe
88,evidence_kaleidoscope,kaleidoscope,evidence,stolen then returned,maybe
88,evidence_mahjong_set,mahjong set,evidence,won at casino,maybe
88,evidence_newton_cradle,newton cradle,evidence,still beeping,maybe
88,evidence_wheelchair_fold,wheelchair fold,evidence,from a divorce,maybe
88,evidence_wind_vane_toy,wind vane toy,evidence,with a lawsuit,maybe
88,gag_blender,blender,gag,smelling of fish,maybe
88,gag_callus_grater,callus grater,gag,labeled EVIDENCE,maybe
88,gag_candelabra,candelabra,gag,stolen then returned,maybe
88,gag_crystal_cluster,crystal cluster,gag,glued shut,yes
88,gag_doorbell_wireless,doorbell wireless,gag,stolen then returned,maybe
88,gag_leash_retractable,leash retractable,gag,smelling of fish,maybe
88,gag_router_wood,router wood,gag,full of glitter,maybe
88,gag_shampoo_sample_bin,shampoo sample bin,gag,in a sock,maybe
88,gag_spray_paint_crate,spray paint crate,gag,won at casino,maybe
88,gag_torch_tiki,torch tiki,gag,welded shut,maybe
88,haunted_dice_fuzzy,dice fuzzy,haunted,stolen then returned,maybe
88,haunted_djembe,djembe,haunted,in a sock,maybe
88,haunted_harmonica,harmonica,haunted,full of sand,maybe
88,haunted_katana_display,katana display,haunted,with a lawsuit,maybe
88,haunted_padlock_collection,padlock collection,haunted,smelling of fish,maybe
88,haunted_rosary,rosary,haunted,from a divorce,maybe
88,haunted_seam_ripper_jar,seam ripper jar,haunted,won at casino,maybe
88,haunted_toasting_goblets,toasting goblets,haunted,full of glitter,maybe
88,haunted_typewriter_ribbon,typewriter ribbon,haunted,in a sock,maybe
88,haunted_unicycle,unicycle,haunted,from a divorce,maybe
87,evidence_booster_seat,booster seat,evidence,full of glitter,maybe
87,evidence_chicken_feeder,chicken feeder,evidence,won at casino,maybe
87,evidence_headrest_cover_stack,headrest cover stack,evidence,smelling of fish,maybe
87,evidence_ink_well,ink well,evidence,full of glitter,maybe
87,evidence_lathe_mini,lathe mini,evidence,still beeping,maybe
87,evidence_straw_dispenser,straw dispenser,evidence,in a sock,maybe
87,evidence_wax_seal_kit,wax seal kit,evidence,with a lawsuit,maybe
87,evidence_wrist_guards,wrist guards,evidence,from a raid,maybe
87,gag_bedpan,bedpan,gag,padlocked,maybe
87,gag_cake_topper_bride,cake topper bride,gag,won at casino,maybe
87,gag_cork_collection,cork collection,gag,still beeping,maybe
87,gag_dreamcatcher,dreamcatcher,gag,from a raid,maybe
87,gag_dress_form_adjustable,dress form adjustable,gag,from a raid,maybe
87,gag_gramophone,gramophone,gag,zip-tied,maybe
87,gag_gravel_vacuum,gravel vacuum,gag,smelling of fish,maybe
87,gag_model_airplane,model airplane,gag,won at casino,maybe
87,gag_seed_packets,seed packets,gag,full of glitter,maybe
87,gag_stilts_pair,stilts pair,gag,with a lawsuit,maybe
87,haunted_hacky_sack_jar,hacky sack jar,haunted,won at casino,maybe
87,haunted_mezuzah,mezuzah,haunted,smelling of fish,maybe
87,haunted_motion_sensor,motion sensor,haunted,from a raid,maybe
87,haunted_peak_flow_meter,peak flow meter,haunted,still beeping,maybe
87,haunted_protein_skimmer,protein skimmer,haunted,welded shut,maybe
87,haunted_punch_card_rack,punch card rack,haunted,still beeping,maybe
87,haunted_sandcastle_mold,sandcastle mold,haunted,stolen then returned,maybe
87,haunted_smoke_bombs_novelty,smoke bombs novelty,haunted,welded shut,maybe
87,haunted_squeaky_toy_flat,squeaky toy flat,haunted,in a sock,maybe
87,school_bowling_pin,bowling pin,school,still beeping,maybe
86,evidence_bundt_pan,bundt pan,evidence,full of glitter,maybe
86,evidence_chew_stick_pack,chew stick pack,evidence,from a raid,maybe
86,evidence_church_hymnal,church hymnal,evidence,labeled EVIDENCE,maybe
86,evidence_dat_tape,DAT tape,evidence,in a sock,maybe
86,evidence_magic_set_kids,magic set kids,evidence,still beeping,maybe
86,evidence_sugar_caddy,sugar caddy,evidence,welded shut,maybe
86,evidence_zipper_bag,zipper bag,evidence,smelling of fish,maybe
86,expired_cash_register,cash register,expired,smelling of fish,maybe
86,foreclosure_harmonica,harmonica,foreclosure,won at casino,maybe
86,gag_accordion,accordion,gag,labeled MOM,maybe
86,gag_drone_crashed,drone crashed,gag,welded shut,maybe
86,gag_hat_box_leather,hat box leather,gag,welded shut,maybe
86,gag_mess_kit,mess kit,gag,full of glitter,maybe
86,gag_ship_in_bottle,ship in bottle,gag,from a fire sale,maybe
86,gag_swamp_cooler,swamp cooler,gag,stolen then returned,maybe
86,haunted_bo_staff,bo staff,haunted,full of glitter,maybe
86,haunted_dashcam,dashcam,haunted,labeled EVIDENCE,maybe
86,haunted_donut_maker,donut maker,haunted,full of glitter,maybe
86,haunted_player_piano_roll,player piano roll,haunted,smelling of fish,maybe
86,haunted_razor_safety,razor safety,haunted,won at casino,maybe
86,haunted_ups_battery,UPS battery,haunted,won at casino,maybe
85,burnt_bedpan,bedpan,burnt,still beeping,maybe
85,evidence_bird_bath,bird bath,evidence,full of glitter,maybe
85,evidence_busy_board,busy board,evidence,full of glitter,maybe
85,evidence_cork_collection,cork collection,evidence,welded shut,maybe
85,evidence_dashcam,dashcam,evidence,stolen then returned,maybe
85,evidence_grow_journal,grow journal,evidence,from a raid,maybe
85,evidence_medical_dummy,medical dummy,evidence,with a lawsuit,maybe
85,evidence_placemat_set,placemat set,evidence,from a divorce,maybe
85,evidence_protractor_set,protractor set,evidence,welded shut,maybe
85,evidence_saxophone_dented,saxophone dented,evidence,in a sock,maybe
85,evidence_snake_drain,snake drain,evidence,from a divorce,maybe
85,evidence_toasting_goblets,toasting goblets,evidence,labeled EVIDENCE,maybe
85,gag_canvas_blank,canvas blank,gag,from a raid,maybe
85,gag_chain_and_lock,chain and lock,gag,from a divorce,maybe
85,gag_executive_toy,executive toy,gag,full of glitter,maybe
85,gag_game_boy,Game Boy,gag,stolen then returned,maybe
85,gag_human_anatomy_model,human anatomy model,gag,still beeping,maybe
85,gag_juggling_clubs,juggling clubs,gag,welded shut,maybe
85,gag_playpen,playpen,gag,won at casino,maybe
85,gag_raclette_grill,raclette grill,gag,still beeping,maybe
85,gag_softbox_stand,softbox stand,gag,stolen then returned,maybe
85,gag_surge_protector_fried,surge protector fried,gag,in a sock,maybe
85,haunted_cardboard_condo,cardboard condo,haunted,with a lawsuit,maybe
85,haunted_church_hymnal,church hymnal,haunted,full of glitter,maybe
85,haunted_citronella_bucket,citronella bucket,haunted,from a divorce,maybe
85,haunted_conditioner_gallon,conditioner gallon,haunted,won at casino,maybe
85,haunted_defibrillator_prop,defibrillator prop,haunted,welded shut,maybe
85,haunted_hat_box_tower,hat box tower,haunted,from a divorce,maybe
85,haunted_hotel_soap_crate,hotel soap crate,haunted,welded shut,maybe
85,haunted_slot_machine_bank,slot machine bank,haunted,with a lawsuit,maybe
85,haunted_window_ac_unit,window AC unit,haunted,from a raid,maybe
84,burnt_harmonica,harmonica,burnt,full of glitter,maybe
84,dedicated_rubber_chicken,rubber chicken,dedicated,labeled EVIDENCE,maybe
84,foreclosure_ventriloquist_dummy,ventriloquist dummy,foreclosure,stolen then returned,maybe
84,lab_aquarium_filter,aquarium filter,lab,won at casino,yes
84,school_toaster,toaster,school,won at casino,maybe
83,expired_fake_dog_poop,fake dog poop,expired,labeled EVIDENCE,maybe
83,signed_opera_glasses,opera glasses,signed,from a raid,yes
82,burnt_shot_glass_set,shot glass set,burnt,with a lawsuit,yes
82,evidence_heater_aquarium,heater aquarium,evidence,in a trash bag,yes
82,evidence_spyglass_brass,spyglass brass,evidence,glued shut,yes
82,lab_snow_globe,snow globe,lab,in a trash bag,yes
82,limited_pinball_backglass,pinball backglass,limited,full of glitter,yes
82,signed_gramophone,gramophone,signed,won at casino,maybe
81,foreclosure_opera_glasses,opera glasses,foreclosure,from a divorce,yes
81,limited_whoopee_cushion_pack,whoopee cushion pack,limited,welded shut,maybe
80,dedicated_aquarium,aquarium,dedicated,zip-tied,yes
80,plastic_pinball_backglass,pinball backglass,plastic,labeled EVIDENCE,yes
79,burnt_novelty_glasses,novelty glasses,burnt,welded shut,yes
79,evidence_card_shuffler,card shuffler,evidence,with no power cord,maybe
79,evidence_chuckit_launcher,chuckit launcher,evidence,wrapped in newspaper,maybe
79,evidence_cleats_muddy,cleats muddy,evidence,labeled DO NOT SELL,maybe
79,evidence_commode_chair,commode chair,evidence,glued shut,maybe
79,evidence_crochet_hook_set,crochet hook set,evidence,zip-tied,maybe
79,evidence_drum_pad,drum pad,evidence,wrapped in newspaper,maybe
79,evidence_duffel_army,duffel army,evidence,labeled MOM,maybe
79,evidence_joy_buzzer_box,joy buzzer box,evidence,glued shut,maybe
79,evidence_lantern_railroad,lantern railroad,evidence,labeled MOM,maybe
79,evidence_mask_hockey,mask hockey,evidence,full of coins,maybe
79,evidence_matchbook_collection,matchbook collection,evidence,smelling of smoke,maybe
79,evidence_novelty_glasses,novelty glasses,evidence,with a note,yes
79,evidence_rune_stones,rune stones,evidence,with a dead battery,maybe
79,evidence_safe_dial_practice,safe dial practice,evidence,full of sand,maybe
79,evidence_scout_sash,scout sash,evidence,with mouse droppings,maybe
79,evidence_sextant,sextant,evidence,labeled DO NOT SELL,maybe
79,evidence_snake_hook,snake hook,evidence,in a trash bag,maybe
79,evidence_soaker_hose,soaker hose,evidence,with instructions missing page 2,maybe
79,evidence_spinner_fidget_giant,spinner fidget giant,evidence,taped shut,maybe
79,evidence_tanning_lamp,tanning lamp,evidence,won at carnival,yes
79,evidence_trampoline_mini,trampoline mini,evidence,with a note,maybe
79,evidence_tuning_fork,tuning fork,evidence,smelling of smoke,maybe
79,gag_amp_head,amp head,gag,with instructions missing page 2,maybe
79,gag_boar_tusk,boar tusk,gag,with a note,maybe
79,gag_bottle_warmer,bottle warmer,gag,with a note,maybe
79,gag_buddha_fat,buddha fat,gag,wrapped in newspaper,maybe
79,gag_centrifuge_toy,centrifuge toy,gag,wrapped in newspaper,maybe
79,gag_conga,conga,gag,with instructions missing page 2,maybe
79,gag_cuckoo_nest_empty,cuckoo nest empty,gag,with a dead battery,maybe
79,gag_die_cut_machine,die cut machine,gag,with a receipt,maybe
79,gag_ketchup_pump,ketchup pump,gag,with a note,maybe
79,gag_kinetic_sand,kinetic sand,gag,with a dead battery,maybe
79,gag_mahjong_set,mahjong set,gag,with mouse droppings,maybe
79,gag_marquee_letter,marquee letter,gag,with instructions missing page 2,maybe
79,gag_menu_diner,menu diner,gag,opened once,maybe
79,gag_paper_fortune,paper fortune,gag,with a receipt,maybe
79,gag_room_number_plate,room number plate,gag,taped shut,maybe
79,gag_shuriken_set,shuriken set,gag,with the wrong remote,maybe
79,gag_uv_sterilizer,UV sterilizer,gag,with the wrong remote,maybe
79,haunted_algae_scraper,algae scraper,haunted,wrapped in newspaper,maybe
79,haunted_backdrop_roll,backdrop roll,haunted,labeled FREE,maybe
79,haunted_bark_collar,bark collar,haunted,smelling of smoke,maybe
79,haunted_bubble_machine,bubble machine,haunted,smelling of smoke,maybe
79,haunted_cb_radio,CB radio,haunted,with no power cord,maybe
79,haunted_cheese_board,cheese board,haunted,from a fire sale,maybe
79,haunted_cologne_splash,cologne splash,haunted,glued shut,maybe
79,haunted_easel_collapsible,easel collapsible,haunted,labeled FREE,maybe
79,haunted_hope_chest,hope chest,haunted,won at carnival,maybe
79,haunted_hotel_key_board,hotel key board,haunted,padlocked,maybe
79,haunted_nebulizer,nebulizer,haunted,smelling of smoke,maybe
79,haunted_overhead_projector,overhead projector,haunted,with the wrong remote,maybe
79,haunted_pet_stroller,pet stroller,haunted,full of sand,maybe
79,haunted_police_scanner,police scanner,haunted,labeled MOM,maybe
79,haunted_robot_vacuum_dead,robot vacuum dead,haunted,won at carnival,maybe
79,haunted_sewing_basket,sewing basket,haunted,with mouse droppings,maybe
79,haunted_teleprompter_diy,teleprompter DIY,haunted,from a flood,maybe
79,haunted_toy_chest,toy chest,haunted,in a trash bag,maybe
79,haunted_triangle_music,triangle music,haunted,taped shut,maybe
79,haunted_tweezers_gold,tweezers gold,haunted,with a dead battery,maybe
79,haunted_utensil_set_kids,utensil set kids,haunted,zip-tied,maybe
79,haunted_veil_boxed,veil boxed,haunted,opened once,maybe
79,haunted_visitor_badge_gun,visitor badge gun,haunted,labeled DO NOT SELL,maybe
79,haunted_weather_house,weather house,haunted,taped shut,maybe
79,haunted_wedding_dress_boxed,wedding dress boxed,haunted,won at carnival,maybe
79,haunted_welding_mask,welding mask,haunted,with a dead battery,maybe
78,evidence_alphabet_blocks,alphabet blocks,evidence,labeled MOM,maybe
78,evidence_apothecary_jar,apothecary jar,evidence,smelling of perfume,maybe
78,evidence_baby_monitor_crt,baby monitor CRT,evidence,with the wrong remote,maybe
78,evidence_car_seat_pet,car seat pet,evidence,full of coins,maybe
78,evidence_conditioner_gallon,conditioner gallon,evidence,in a trash bag,maybe
78,evidence_cricket_keeper,cricket keeper,evidence,with a receipt,maybe
78,evidence_cross_stitch_kit,cross stitch kit,evidence,opened once,maybe
78,evidence_feather_wand,feather wand,evidence,with a receipt,maybe
78,evidence_glaze_bottles,glaze bottles,evidence,with the wrong remote,maybe
78,evidence_index_cards_recipes,index cards recipes,evidence,padlocked,maybe
78,evidence_jumper_cables,jumper cables,evidence,opened once,maybe
78,evidence_key_cabinet,key cabinet,evidence,in a trash bag,maybe
78,evidence_pressing_cloth,pressing cloth,evidence,with instructions missing page 2,maybe
78,evidence_punching_bag,punching bag,evidence,smelling of smoke,maybe
78,evidence_soil_tester,soil tester,evidence,with a note,maybe
78,evidence_stopwatch,stopwatch,evidence,from a flood,maybe
78,evidence_ukulele,ukulele,evidence,from a flood,maybe
78,gag_aquarium_filter,aquarium filter,gag,with a photo,yes
78,gag_bassinet,bassinet,gag,glued shut,maybe
78,gag_butter_dish,butter dish,gag,with mouse droppings,maybe
78,gag_cup_athletic,cup athletic,gag,labeled MOM,maybe
78,gag_cymbal_cracked,cymbal cracked,gag,with mouse droppings,maybe
78,gag_fax_machine,fax machine,gag,full of rice,maybe
78,gag_flight_harness,flight harness,gag,padlocked,maybe
78,gag_grenade_paperweight,grenade paperweight,gag,opened once,maybe
78,gag_shot_glass_set,shot glass set,gag,won at carnival,yes
78,gag_window_perch,window perch,gag,with the wrong remote,maybe
78,haunted_baby_food_jars,baby food jars,haunted,from a fire sale,maybe
78,haunted_breast_pump,breast pump,haunted,never opened,maybe
78,haunted_canteen_army,canteen army,haunted,with no power cord,maybe
78,haunted_checkers_set,checkers set,haunted,from a flood,maybe
78,haunted_coffee_maker,coffee maker,haunted,with no power cord,maybe
78,haunted_cowbell,cowbell,haunted,padlocked,maybe
78,haunted_lathe_mini,lathe mini,haunted,with a receipt,maybe
78,haunted_luggage_strap,luggage strap,haunted,labeled FREE,maybe
78,haunted_placemat_set,placemat set,haunted,full of coins,maybe
78,haunted_pressure_cooker,pressure cooker,haunted,never opened,maybe
78,haunted_quilt_unfinished,quilt unfinished,haunted,with a dead battery,maybe
78,haunted_rattle_keys,rattle keys,haunted,taped shut,maybe
78,haunted_rolling_pin,rolling pin,haunted,full of rice,maybe
78,haunted_rubber_duck_army,rubber duck army,haunted,full of coins,maybe
78,haunted_saxophone_dented,saxophone dented,haunted,never opened,maybe
78,haunted_seltzer_bottle,seltzer bottle,haunted,zip-tied,maybe
78,haunted_shoe_polish_kit,shoe polish kit,haunted,glued shut,maybe
78,haunted_stadium_seat,stadium seat,haunted,with a note,maybe
78,haunted_world_time_clock,world time clock,haunted,never opened,maybe
78,school_snow_globe,snow globe,school,wrapped in newspaper,yes
77,evidence_baby_shoes_bronze,baby shoes bronze,evidence,padlocked,maybe
77,evidence_betamax_stack,Betamax stack,evidence,full of rice,maybe
77,evidence_dot_matrix,dot matrix,evidence,padlocked,maybe
77,evidence_dreamcatcher,dreamcatcher,evidence,with no power cord,maybe
77,evidence_gag_teeth,gag teeth,evidence,with a dead battery,maybe
77,evidence_mantel_clock,mantel clock,evidence,with a photo,maybe
77,evidence_mixing_board,mixing board,evidence,with a receipt,maybe
77,evidence_origami_paper,origami paper,evidence,never opened,maybe
77,evidence_resistance_bands,resistance bands,evidence,taped shut,maybe
77,evidence_sling_wrap,sling wrap,evidence,smelling of perfume,maybe
77,evidence_spice_rack_full,spice rack full,evidence,from a flood,maybe
77,evidence_trophy_spelling,trophy spelling,evidence,in a trash bag,maybe
77,evidence_trunk_steamer,trunk steamer,evidence,opened once,maybe
77,gag_ammo_can_empty,ammo can empty,gag,labeled MOM,maybe
77,gag_arcade_stick,arcade stick,gag,labeled FREE,maybe
77,gag_bodycam_fake,bodycam fake,gag,opened once,maybe
77,gag_chess_set_ivory_fake,chess set ivory fake,gag,zip-tied,maybe
77,gag_coffee_grinder,coffee grinder,gag,in a trash bag,maybe
77,gag_eyelash_curler,eyelash curler,gag,smelling of perfume,maybe
77,gag_golf_club_set,golf club set,gag,smelling of smoke,maybe
77,gag_ice_bag_rubber,ice bag rubber,gag,padlocked,maybe
77,gag_itching_powder,itching powder,gag,with a photo,maybe
77,gag_iv_stand,IV stand,gag,with a photo,maybe
77,gag_kalimba,kalimba,gag,full of rice,maybe
77,gag_locksmith_picks_set,locksmith picks set,gag,with the wrong remote,maybe
77,gag_maracas,maracas,gag,full of coins,maybe
77,gag_night_vision_goggles,night vision goggles,gag,labeled MOM,maybe
77,gag_pallet_jack_toy,pallet jack toy,gag,full of sand,maybe
77,gag_pet_stairs,pet stairs,gag,labeled MOM,maybe
77,gag_retainer_case,retainer case,gag,with no power cord,maybe
77,gag_rubber_stamp_set,rubber stamp set,gag,with mouse droppings,maybe
77,gag_security_camera_dummy,security camera dummy,gag,from a flood,maybe
77,gag_starch_spray,starch spray,gag,with a dead battery,maybe
77,gag_tow_strap,tow strap,gag,with no power cord,maybe
77,gag_ultrasound_photo,ultrasound photo,gag,with a dead battery,maybe
77,haunted_afghan_granny,afghan granny,haunted,with mouse droppings,maybe
77,haunted_badge_replica,badge replica,haunted,labeled MOM,maybe
77,haunted_cape_velvet,cape velvet,haunted,full of sand,maybe
77,haunted_chicken_feeder,chicken feeder,haunted,labeled DO NOT SELL,maybe
77,haunted_coral_frag_rack,coral frag rack,haunted,with no power cord,maybe
77,haunted_crochet_hook_set,crochet hook set,haunted,won at carnival,maybe
77,haunted_equalizer_rack,equalizer rack,haunted,with the wrong remote,maybe
77,haunted_fish_mount,fish mount,haunted,zip-tied,maybe
77,haunted_guitar_pedalboard,guitar pedalboard,haunted,with a photo,maybe
77,haunted_hamper_laundry,hamper laundry,haunted,opened once,maybe
77,haunted_hand_truck,hand truck,haunted,with a dead battery,maybe
77,haunted_incense_burner,incense burner,haunted,full of rice,maybe
77,haunted_sand_timer_giant,sand timer giant,haunted,from a fire sale,maybe
77,haunted_snake_drain,snake drain,haunted,full of coins,maybe
77,haunted_stretcher_fold,stretcher fold,haunted,labeled DO NOT SELL,maybe
77,haunted_test_kit_water,test kit water,haunted,full of sand,maybe
77,haunted_thermometer_ear,thermometer ear,haunted,labeled DO NOT SELL,maybe
77,haunted_thermos_giant,thermos giant,haunted,padlocked,maybe
77,haunted_ultrasonic_pest,ultrasonic pest,haunted,with a receipt,maybe
77,haunted_zip_drive,ZIP drive,haunted,zip-tied,maybe
77,lab_pinball_backglass,pinball backglass,lab,won at casino,yes
76,evidence_arcade_stick,arcade stick,evidence,with a receipt,maybe
76,evidence_blackjack_table_toy,blackjack table toy,evidence,with a receipt,maybe
76,evidence_cheese_board,cheese board,evidence,padlocked,maybe
76,evidence_copy_machine_panel,copy machine panel,evidence,taped shut,maybe
76,evidence_gravel_vacuum,gravel vacuum,evidence,with a note,maybe
76,evidence_intercom_handset,intercom handset,evidence,won at carnival,maybe
76,evidence_katana_display,katana display,evidence,full of sand,maybe
76,evidence_kendama,kendama,evidence,labeled MOM,maybe
76,evidence_macrame_plant,macrame plant,evidence,from a fire sale,maybe
76,evidence_moon_sand,moon sand,evidence,with a photo,maybe
76,evidence_music_box_ballerina,music box ballerina,evidence,full of sand,maybe
76,evidence_nutrient_bottles,nutrient bottles,evidence,with a dead battery,maybe
76,evidence_place_card_holder,place card holder,evidence,never opened,maybe
76,evidence_putty_thinking,putty thinking,evidence,padlocked,maybe
76,evidence_shark_tooth_jar,shark tooth jar,evidence,from a flood,maybe
76,evidence_test_tube_rack,test tube rack,evidence,from a fire sale,maybe
76,gag_badminton_set,badminton set,gag,from a flood,maybe
76,gag_bocce_ball,bocce ball,gag,labeled DO NOT SELL,maybe
76,gag_check_writer,check writer,gag,labeled FREE,maybe
76,gag_cpap_machine,CPAP machine,gag,from a fire sale,maybe
76,gag_flea_bomb_empty,flea bomb empty,gag,with no power cord,maybe
76,gag_lanyard_bin,lanyard bin,gag,never opened,maybe
76,gag_metal_detector_sand,metal detector sand,gag,padlocked,maybe
76,gag_model_rocket,model rocket,gag,with a photo,maybe
76,gag_night_light_moon,night light moon,gag,with mouse droppings,maybe
76,gag_prank_call_book,prank call book,gag,with the wrong remote,maybe
76,gag_roomba_shell,roomba shell,gag,glued shut,maybe
76,gag_rope_toy_frayed,rope toy frayed,gag,with instructions missing page 2,maybe
76,gag_spyglass_brass,spyglass brass,gag,with instructions missing page 2,yes
76,gag_tanning_lamp,tanning lamp,gag,with a photo,yes
76,gag_vinyl_record,vinyl record,gag,won at carnival,maybe
76,haunted_bird_swing,bird swing,haunted,labeled DO NOT SELL,maybe
76,haunted_bottle_ship_broken,bottle ship broken,haunted,smelling of smoke,maybe
76,haunted_disco_ball_mini,disco ball mini,haunted,with a dead battery,maybe
76,haunted_electric_toothbrush,electric toothbrush,haunted,glued shut,maybe
76,haunted_headrest_cover_stack,headrest cover stack,haunted,with instructions missing page 2,maybe
76,haunted_juicer,juicer,haunted,never opened,maybe
76,haunted_minidisc_player,MiniDisc player,haunted,taped shut,maybe
76,haunted_pill_bottle_empty,pill bottle empty,haunted,full of rice,maybe
76,haunted_protractor_set,protractor set,haunted,from a flood,maybe
76,haunted_soaker_hose,soaker hose,haunted,with a note,maybe
76,haunted_spinner_fidget_giant,spinner fidget giant,haunted,opened once,maybe
76,haunted_straw_dispenser,straw dispenser,haunted,never opened,maybe
76,haunted_tire_iron,tire iron,haunted,wrapped in newspaper,maybe
76,haunted_turtle_shell,turtle shell,haunted,with mouse droppings,maybe
76,school_aquarium,aquarium,school,labeled DO NOT SELL,yes
75,evidence_action_figure_mint,action figure mint,evidence,zip-tied,maybe
75,evidence_circular_saw,circular saw,evidence,with a note,maybe
75,evidence_cookie_cutter_tin,cookie cutter tin,evidence,with no power cord,maybe
75,evidence_crystal_ball,crystal ball,evidence,full of sand,yes
75,evidence_diploma_blank,diploma blank,evidence,with a note,maybe
75,evidence_drop_spindle,drop spindle,evidence,with mouse droppings,maybe
75,evidence_eye_mask_sleep,eye mask sleep,evidence,full of coins,maybe
75,evidence_film_reel,film reel,evidence,with a receipt,maybe
75,evidence_flippers,flippers,evidence,labeled FREE,maybe
75,evidence_footlocker_camp,footlocker camp,evidence,from a fire sale,maybe
75,evidence_geiger_counter,Geiger counter,evidence,from a flood,maybe
75,evidence_geode_half,geode half,evidence,never opened,maybe
75,evidence_harness_dog,harness dog,evidence,smelling of smoke,maybe
75,evidence_hive_frame,hive frame,evidence,labeled FREE,maybe
75,evidence_hose_reel,hose reel,evidence,labeled FREE,maybe
75,evidence_humidifier_fish,humidifier fish,evidence,full of rice,maybe
75,evidence_ledger_book,ledger book,evidence,with no power cord,maybe
75,evidence_lint_roller_pack,lint roller pack,evidence,with a photo,maybe
75,evidence_maracas,maracas,evidence,wrapped in newspaper,maybe
75,evidence_mouthguard_sports,mouthguard sports,evidence,with mouse droppings,maybe
75,evidence_ratchet_strap_pack,ratchet strap pack,evidence,with mouse droppings,maybe
75,evidence_sandcastle_mold,sandcastle mold,evidence,wrapped in newspaper,maybe
75,evidence_signal_mirror,signal mirror,evidence,with a dead battery,maybe
75,evidence_sterilizer,sterilizer,evidence,from a flood,maybe
75,evidence_stroller_fold,stroller fold,evidence,with no power cord,maybe
75,evidence_wedding_dress_boxed,wedding dress boxed,evidence,zip-tied,maybe
75,gag_bread_machine,bread machine,gag,with instructions missing page 2,maybe
75,gag_clarinet,clarinet,gag,with a note,maybe
75,gag_crt_green_terminal,CRT green terminal,gag,in a trash bag,maybe
75,gag_dat_tape,DAT tape,gag,smelling of smoke,maybe
75,gag_egg_candler,egg candler,gag,taped shut,maybe
75,gag_elbow_pads,elbow pads,gag,from a fire sale,maybe
75,gag_fake_vomit,fake vomit,gag,taped shut,maybe
75,gag_flare_gun_prop,flare gun prop,gag,with the wrong remote,maybe
75,gag_floppy_box,floppy box,gag,with a dead battery,maybe
75,gag_magic_8_ball,magic 8 ball,gag,glued shut,maybe
75,gag_muffin_tin,muffin tin,gag,full of coins,maybe
75,gag_nail_kit,nail kit,gag,full of sand,maybe
75,gag_opera_glasses,opera glasses,gag,opened once,yes
75,gag_popcorn_machine,popcorn machine,gag,full of coins,maybe
75,gag_recipe_box,recipe box,gag,in a trash bag,maybe
75,gag_scale_weighing_pets,scale weighing pets,gag,with the wrong remote,maybe
75,gag_scratching_post,scratching post,gag,full of rice,maybe
75,gag_slug_pellets,slug pellets,gag,smelling of perfume,maybe
75,gag_sumi_kit,sumi kit,gag,glued shut,maybe
75,gag_tuxedo_bag,tuxedo bag,gag,wrapped in newspaper,maybe
75,gag_xylophone_kids,xylophone kids,gag,labeled FREE,maybe
75,haunted_ab_roller,ab roller,haunted,with a receipt,maybe
75,haunted_action_figure_mint,action figure mint,haunted,won at carnival,maybe
75,haunted_anvil_mini,anvil mini,haunted,full of sand,maybe
75,haunted_batting_roll,batting roll,haunted,with a note,maybe
75,haunted_deer_antler,deer antler,haunted,with a note,maybe
75,haunted_garden_hose_kinked,garden hose kinked,haunted,with a dead battery,maybe
75,haunted_hand_mixer,hand mixer,haunted,zip-tied,maybe
75,haunted_ink_stone,ink stone,haunted,won at carnival,maybe
75,haunted_massage_chair_pad,massage chair pad,haunted,with a note,maybe
75,haunted_pacifier_collection,pacifier collection,haunted,zip-tied,maybe
75,haunted_passport_stamp_kit,passport stamp kit,haunted,zip-tied,maybe
75,haunted_potty_chair,potty chair,haunted,with instructions missing page 2,maybe
75,haunted_pressing_cloth,pressing cloth,haunted,with a note,maybe
75,haunted_salt_pepper_set,salt pepper set,haunted,zip-tied,maybe
75,haunted_seed_vault,seed vault,haunted,with no power cord,maybe
75,haunted_sling_wrap,sling wrap,haunted,with the wrong remote,maybe
75,haunted_slot_car_track,slot car track,haunted,glued shut,maybe
74,burnt_boutonniere_dried,boutonniere dried,burnt,full of glitter,maybe
74,burnt_desk_bell,desk bell,burnt,labeled EVIDENCE,maybe
74,burnt_flea_bomb_empty,flea bomb empty,burnt,from a divorce,maybe
74,burnt_garter,garter,burnt,smelling of fish,maybe
74,burnt_gramophone,gramophone,burnt,full of sand,maybe
74,burnt_military_uniform,military uniform,burnt,from a divorce,maybe
74,burnt_router_wood,router wood,burnt,won at casino,maybe
74,burnt_soil_tester,soil tester,burnt,welded shut,maybe
74,burnt_stopwatch,stopwatch,burnt,smelling of fish,maybe
74,dedicated_ab_roller,ab roller,dedicated,welded shut,maybe
74,dedicated_coral_frag_rack,coral frag rack,dedicated,in a sock,maybe
74,dedicated_corkscrew_fancy,corkscrew fancy,dedicated,from a divorce,maybe
74,dedicated_espresso_portafilter,espresso portafilter,dedicated,smelling of fish,maybe
74,dedicated_knee_pads,knee pads,dedicated,full of glitter,maybe
74,dedicated_luggage_strap,luggage strap,dedicated,still beeping,maybe
74,dedicated_seat_belt_pet,seat belt pet,dedicated,full of glitter,maybe
74,dedicated_seed_vault,seed vault,dedicated,in a sock,maybe
74,evidence_badge_replica,badge replica,evidence,never opened,maybe
74,evidence_candy_thermometer,candy thermometer,evidence,never opened,maybe
74,evidence_changing_table,changing table,evidence,never opened,maybe
74,evidence_citronella_bucket,citronella bucket,evidence,opened once,maybe
74,evidence_fax_toner,fax toner,evidence,never opened,maybe
74,evidence_grow_light,grow light,evidence,in a trash bag,maybe
74,evidence_heating_lamp,heating lamp,evidence,glued shut,yes
74,evidence_hemming_bird,hemming bird,evidence,labeled MOM,maybe
74,evidence_lanyard_bin,lanyard bin,evidence,full of rice,maybe
74,evidence_license_plate,license plate,evidence,with a note,maybe
74,evidence_magnetic_letters,magnetic letters,evidence,smelling of perfume,maybe
74,evidence_motion_sensor,motion sensor,evidence,glued shut,maybe
74,evidence_photo_album_mold,photo album mold,evidence,full of rice,maybe
74,evidence_pill_bottle_empty,pill bottle empty,evidence,labeled MOM,maybe
74,evidence_spirit_board_cheap,spirit board cheap,evidence,smelling of smoke,maybe
74,evidence_ups_battery,UPS battery,evidence,in a trash bag,maybe
74,expired_denture_cup,denture cup,expired,labeled DO NOT SELL,maybe
74,expired_harmonica,harmonica,expired,with a photo,maybe
74,expired_heater_aquarium,heater aquarium,expired,labeled EVIDENCE,yes
74,expired_passport_stamp_kit,passport stamp kit,expired,won at casino,maybe
74,foreclosure_blanket_chest,blanket chest,foreclosure,in a sock,maybe
74,foreclosure_donut_maker,donut maker,foreclosure,stolen then returned,maybe
74,foreclosure_grenade_paperweight,grenade paperweight,foreclosure,from a divorce,maybe
74,foreclosure_spinning_wheel,spinning wheel,foreclosure,in a sock,maybe
74,foreclosure_toasting_goblets,toasting goblets,foreclosure,stolen then returned,maybe
74,gag_agility_tunnel,agility tunnel,gag,never opened,maybe
74,gag_alarm_keypad,alarm keypad,gag,padlocked,maybe
74,gag_band_jacket,band jacket,gag,with a receipt,maybe
74,gag_cannonball_iron,cannonball iron,gag,with a photo,maybe
74,gag_ceiling_fan_blade,ceiling fan blade,gag,padlocked,maybe
74,gag_chalkboard_easel,chalkboard easel,gag,labeled FREE,maybe
74,gag_clothes_iron,clothes iron,gag,from a fire sale,maybe
74,gag_dog_crate,dog crate,gag,padlocked,maybe
74,gag_drill_press,drill press,gag,with no power cord,maybe
74,gag_fake_book_jazz,fake book jazz,gag,won at carnival,maybe
74,gag_gopro_mount_only,gopro mount only,gag,with a note,maybe
74,gag_matchbook_collection,matchbook collection,gag,glued shut,maybe
74,gag_medical_dummy,medical dummy,gag,labeled DO NOT SELL,maybe
74,gag_metal_detector,metal detector,gag,won at carnival,maybe
74,gag_otoscope,otoscope,gag,full of coins,maybe
74,gag_roman_candle,roman candle,gag,full of rice,maybe
74,gag_samurai_sword_wall,samurai sword wall,gag,full of rice,maybe
74,gag_shape_sorter,shape sorter,gag,full of coins,maybe
74,haunted_barometer,barometer,haunted,with mouse droppings,maybe
74,haunted_bulb_mesh_bag,bulb mesh bag,haunted,with a receipt,maybe
74,haunted_chew_stick_pack,chew stick pack,haunted,smelling of smoke,maybe
74,haunted_coin_sorter,coin sorter,haunted,with the wrong remote,maybe
74,haunted_dominoes_bone,dominoes bone,haunted,padlocked,maybe
74,haunted_drop_spindle,drop spindle,haunted,in a trash bag,maybe
74,haunted_elizabethan_collar,elizabethan collar,haunted,smelling of perfume,maybe
74,haunted_fortune_teller_fish,fortune teller fish,haunted,labeled MOM,maybe
74,haunted_harmonica_chrome,harmonica chrome,haunted,from a fire sale,maybe
74,haunted_label_maker,label maker,haunted,taped shut,maybe
74,haunted_microscope,microscope,haunted,from a fire sale,maybe
74,haunted_nutrient_bottles,nutrient bottles,haunted,wrapped in newspaper,maybe
74,haunted_paint_set_oils,paint set oils,haunted,with instructions missing page 2,maybe
74,haunted_pie_weights,pie weights,haunted,with the wrong remote,maybe
74,haunted_punching_bag,punching bag,haunted,with no power cord,maybe
74,haunted_roach_motel,roach motel,haunted,in a trash bag,maybe
74,haunted_rooting_hormone,rooting hormone,haunted,with a dead battery,maybe
74,haunted_signal_mirror,signal mirror,haunted,wrapped in newspaper,maybe
74,haunted_stethoscope,stethoscope,haunted,with a photo,maybe
74,haunted_tongue_scraper,tongue scraper,haunted,wrapped in newspaper,maybe
74,haunted_trampoline_mini,trampoline mini,haunted,glued shut,maybe
74,haunted_turntable,turntable,haunted,smelling of perfume,maybe
74,lab_button_maker,button maker,lab,labeled EVIDENCE,maybe
74,lab_chest_empty,chest empty,lab,from a raid,maybe
74,lab_dealer_shoe,dealer shoe,lab,won at casino,maybe
74,lab_elbow_pads,elbow pads,lab,still beeping,maybe
74,lab_millet_spray,millet spray,lab,from a raid,maybe
74,lab_pa_speaker,PA speaker,lab,won at casino,maybe
74,lab_room_number_plate,room number plate,lab,from a raid,maybe
74,limited_accordion,accordion,limited,never opened,maybe
74,limited_arrow_through_head,arrow through head,limited,full of sand,maybe
74,limited_egg_incubator,egg incubator,limited,welded shut,maybe
74,limited_loofah_on_stick,loofah on stick,limited,from a raid,maybe
74,limited_metal_detector_sand,metal detector sand,limited,with a lawsuit,maybe
74,limited_muzzle_soft,muzzle soft,limited,labeled EVIDENCE,maybe
74,limited_seed_packets,seed packets,limited,labeled EVIDENCE,maybe
74,plastic_bullet_belt_dummy,bullet belt dummy,plastic,welded shut,maybe
74,plastic_dealer_shoe,dealer shoe,plastic,labeled EVIDENCE,maybe
74,plastic_hamster_wheel,hamster wheel,plastic,won at casino,maybe
74,plastic_incense_burner,incense burner,plastic,labeled EVIDENCE,maybe
74,plastic_mascot_head,mascot head,plastic,full of rice,maybe
74,plastic_nebulizer,nebulizer,plastic,from a divorce,maybe
74,plastic_score_sheet_stack,score sheet stack,plastic,stolen then returned,maybe
74,plastic_slide_projector,slide projector,plastic,labeled EVIDENCE,maybe
74,plastic_slow_cooker,slow cooker,plastic,labeled EVIDENCE,maybe
74,rusty_cash_register,cash register,rusty,with instructions missing page 2,maybe
74,rusty_ipod_classic,iPod classic,rusty,welded shut,maybe
74,rusty_photo_album_mold,photo album mold,rusty,stolen then returned,maybe
74,rusty_rattle_keys,rattle keys,rusty,from a raid,maybe
74,rusty_shower_caddy,shower caddy,rusty,with a lawsuit,maybe
74,rusty_snake_drain,snake drain,rusty,in a sock,maybe
74,school_beach_umbrella,beach umbrella,school,still beeping,maybe
74,school_blanket_security,blanket security,school,labeled EVIDENCE,maybe
74,school_hat_box_tower,hat box tower,school,in a sock,maybe
74,school_ken_torso,Ken torso,school,full of glitter,maybe
74,school_pinball_backglass,pinball backglass,school,stolen then returned,yes
74,school_rolling_pin,rolling pin,school,stolen then returned,maybe
74,signed_aquarium,aquarium,signed,won at carnival,yes
74,signed_blanket_security,blanket security,signed,won at casino,maybe
74,signed_bocce_ball,bocce ball,signed,full of glitter,maybe
74,signed_button_maker,button maker,signed,stolen then returned,maybe
74,signed_ferret_hammock,ferret hammock,signed,from a divorce,maybe
74,signed_flash_bulb_box,flash bulb box,signed,full of glitter,maybe
74,signed_sippy_cup_bin,sippy cup bin,signed,from a raid,maybe
74,signed_snow_globe,snow globe,signed,with mouse droppings,yes
74,signed_tennis_racket_wood,tennis racket wood,signed,with a lawsuit,maybe
73,burnt_champagne_flutes,champagne flutes,burnt,in a sock,maybe
73,burnt_executive_toy,executive toy,burnt,won at casino,maybe
73,burnt_fake_book_jazz,fake book jazz,burnt,with a lawsuit,maybe
73,burnt_glue_trap_unused,glue trap unused,burnt,won at casino,maybe
73,burnt_nunchaku_foam,nunchaku foam,burnt,in a sock,maybe
73,burnt_vinyl_record,vinyl record,burnt,with a lawsuit,maybe
73,burnt_walkie_talkie,walkie-talkie,burnt,welded shut,maybe
73,dedicated_bike_trailer_pet,bike trailer pet,dedicated,smelling of fish,maybe
73,dedicated_deodorant_stone,deodorant stone,dedicated,in a sock,maybe
73,dedicated_moving_blanket,moving blanket,dedicated,with a lawsuit,maybe
73,dedicated_nutrient_bottles,nutrient bottles,dedicated,stolen then returned,maybe
73,dedicated_petri_dishes,petri dishes,dedicated,from a raid,maybe
73,dedicated_strobe_light,strobe light,dedicated,full of glitter,maybe
73,dedicated_tank_model,tank model,dedicated,full of glitter,maybe
73,dedicated_vanity_plate,vanity plate,dedicated,in a sock,maybe
73,evidence_airbrush_kit,airbrush kit,evidence,smelling of perfume,maybe
73,evidence_brine_shrimp_hatchery,brine shrimp hatchery,evidence,full of coins,maybe
73,evidence_cheer_megaphone,cheer megaphone,evidence,taped shut,maybe
73,evidence_coin_sorter,coin sorter,evidence,smelling of perfume,maybe
73,evidence_electric_toothbrush,electric toothbrush,evidence,with a note,maybe
73,evidence_locksmith_picks_set,locksmith picks set,evidence,opened once,maybe
73,evidence_manicure_set,manicure set,evidence,with instructions missing page 2,maybe
73,evidence_mousetrap_pack,mousetrap pack,evidence,with a note,maybe
73,evidence_patch_bay,patch bay,evidence,full of sand,maybe
73,evidence_perfume_atomizer,perfume atomizer,evidence,zip-tied,maybe
73,evidence_plasma_ball,plasma ball,evidence,with mouse droppings,maybe
73,evidence_roach_motel,roach motel,evidence,with mouse droppings,maybe
73,evidence_rope_toy_frayed,rope toy frayed,evidence,glued shut,maybe
73,evidence_sandwich_press,sandwich press,evidence,full of sand,maybe
73,evidence_utensil_set_kids,utensil set kids,evidence,with a photo,maybe
73,expired_car_seat_pet,car seat pet,expired,in a sock,maybe
73,expired_footlocker_camp,footlocker camp,expired,still beeping,maybe
73,expired_grenade_paperweight,grenade paperweight,expired,in a sock,maybe
73,expired_hand_puppets,hand puppets,expired,still beeping,maybe
73,expired_heating_pad,heating pad,expired,won at casino,maybe
73,expired_humidity_tray,humidity tray,expired,welded shut,maybe
73,expired_megaphone,megaphone,expired,labeled MOM,maybe
73,expired_plasma_ball,plasma ball,expired,stolen then returned,maybe
73,expired_snake_skin_shed,snake skin shed,expired,from a divorce,maybe
73,expired_taxidermy_squirrel,taxidermy squirrel,expired,labeled FREE,maybe
73,foreclosure_barbie_head_only,Barbie head only,foreclosure,in a sock,maybe
73,foreclosure_bike_lock,bike lock,foreclosure,stolen then returned,maybe
73,foreclosure_candelabra,candelabra,foreclosure,labeled EVIDENCE,maybe
73,foreclosure_cash_register,cash register,foreclosure,with a receipt,maybe
73,foreclosure_hamster_ball,hamster ball,foreclosure,smelling of fish,maybe
73,foreclosure_hourglass,hourglass,foreclosure,in a trash bag,yes
73,foreclosure_military_uniform,military uniform,foreclosure,in a sock,maybe
73,foreclosure_spirit_board_cheap,spirit board cheap,foreclosure,from a raid,maybe
73,gag_balloon_animal_kit,balloon animal kit,gag,never opened,maybe
73,gag_bath_pillow,bath pillow,gag,padlocked,maybe
73,gag_bib_stack,bib stack,gag,with a note,maybe
73,gag_blotter_pad,blotter pad,gag,with instructions missing page 2,maybe
73,gag_carding_brushes,carding brushes,gag,with a receipt,maybe
73,gag_cello_broken,cello broken,gag,won at carnival,maybe
73,gag_coaster_cork,coaster cork,gag,labeled DO NOT SELL,maybe
73,gag_customs_form_pad,customs form pad,gag,smelling of smoke,maybe
73,gag_dip_pen_set,dip pen set,gag,full of coins,maybe
73,gag_egg_timer,egg timer,gag,in a trash bag,maybe
73,gag_emf_meter_toy,EMF meter toy,gag,won at carnival,maybe
73,gag_gloves_boxing,gloves boxing,gag,won at carnival,maybe
73,gag_hydrometer,hydrometer,gag,labeled MOM,maybe
73,gag_knitting_needles,knitting needles,gag,wrapped in newspaper,maybe
73,gag_notary_stamp_fake,notary stamp fake,gag,with a dead battery,maybe
73,gag_ring_light,ring light,gag,zip-tied,maybe
73,gag_roulette_wheel_toy,roulette wheel toy,gag,full of rice,maybe
73,gag_spigot_key,spigot key,gag,smelling of smoke,maybe
73,gag_sterilizer,sterilizer,gag,with a receipt,maybe
73,gag_telescope,telescope,gag,opened once,maybe
73,gag_throw_blanket,throw blanket,gag,smelling of smoke,maybe
73,haunted_baby_monitor_crt,baby monitor CRT,haunted,taped shut,maybe
73,haunted_box_fan,box fan,haunted,full of coins,maybe
73,haunted_busy_board,busy board,haunted,with a photo,maybe
73,haunted_dentist_chair_lamp,dentist chair lamp,haunted,with instructions missing page 2,yes
73,haunted_discman,Discman,haunted,full of coins,maybe
73,haunted_embosser_seal,embosser seal,haunted,with a note,maybe
73,haunted_evp_recorder,EVP recorder,haunted,smelling of perfume,maybe
73,haunted_fax_toner,fax toner,haunted,labeled MOM,maybe
73,haunted_fountain_pen,fountain pen,haunted,with instructions missing page 2,maybe
73,haunted_geode_half,geode half,haunted,labeled MOM,maybe
73,haunted_license_plate,license plate,haunted,glued shut,maybe
73,haunted_menorah,menorah,haunted,labeled FREE,maybe
73,haunted_neon_beer_sign,neon beer sign,haunted,with a photo,maybe
73,haunted_porthole_frame,porthole frame,haunted,from a flood,maybe
73,haunted_prayer_beads,prayer beads,haunted,with the wrong remote,maybe
73,haunted_ratchet_strap_pack,ratchet strap pack,haunted,in a trash bag,maybe
73,haunted_shell_casing_jar,shell casing jar,haunted,full of sand,maybe
73,haunted_zipper_bag,zipper bag,haunted,with instructions missing page 2,maybe
73,lab_boarding_pass_printer,boarding pass printer,lab,in a sock,maybe
73,lab_cannonball_iron,cannonball iron,lab,won at casino,maybe
73,lab_car_seat_expired,car seat expired,lab,welded shut,maybe
73,lab_check_writer,check writer,lab,with a lawsuit,maybe
73,lab_crucifix_wall,crucifix wall,lab,full of glitter,maybe
73,lab_egg_timer,egg timer,lab,labeled EVIDENCE,maybe
73,lab_embroidery_hoop,embroidery hoop,lab,smelling of fish,maybe
73,lab_fog_machine,fog machine,lab,still beeping,maybe
73,lab_sparkler_box,sparkler box,lab,from a divorce,maybe
73,limited_blotter_pad,blotter pad,limited,smelling of fish,maybe
73,limited_die_cut_machine,die cut machine,limited,still beeping,maybe
73,limited_elastic_spool,elastic spool,limited,from a divorce,maybe
73,limited_moving_blanket,moving blanket,limited,still beeping,maybe
73,limited_space_heater,space heater,limited,welded shut,maybe
73,plastic_elizabethan_collar,elizabethan collar,plastic,from a raid,maybe
73,plastic_hockey_puck_signed,hockey puck signed,plastic,smelling of fish,maybe
73,plastic_steel_drum,steel drum,plastic,labeled EVIDENCE,maybe
73,plastic_toaster,toaster,plastic,labeled DO NOT SELL,maybe
73,plastic_torch_kit,torch kit,plastic,won at casino,maybe
73,plastic_violin_case_empty,violin case empty,plastic,stolen then returned,maybe
73,plastic_yearbook_signed,yearbook signed,plastic,smelling of fish,maybe
73,rusty_boomerang,boomerang,rusty,with a lawsuit,maybe
73,rusty_conditioner_gallon,conditioner gallon,rusty,full of glitter,maybe
73,rusty_croquet_mallet,croquet mallet,rusty,in a sock,maybe
73,rusty_defibrillator_prop,defibrillator prop,rusty,smelling of fish,maybe
73,rusty_fireworks_illegal,fireworks illegal,rusty,smelling of fish,maybe
73,rusty_headrest_cover_stack,headrest cover stack,rusty,welded shut,maybe
73,rusty_heater_aquarium,heater aquarium,rusty,full of glitter,yes
73,rusty_ledger_book,ledger book,rusty,from a divorce,maybe
73,rusty_megaphone,megaphone,rusty,full of rice,maybe
73,rusty_skeleton_half,skeleton half,rusty,from a raid,maybe
73,rusty_wheelchair_fold,wheelchair fold,rusty,in a sock,maybe
73,school_answering_machine,answering machine,school,welded shut,maybe
73,school_cash_register,cash register,school,with a note,maybe
73,school_donut_maker,donut maker,school,won at casino,maybe
73,school_ink_stone,ink stone,school,with a lawsuit,maybe
73,school_padlock_collection,padlock collection,school,welded shut,maybe
73,school_pie_weights,pie weights,school,from a raid,maybe
73,school_pottery_wheel,pottery wheel,school,labeled EVIDENCE,maybe
73,school_slow_cooker,slow cooker,school,stolen then returned,maybe
73,school_umbrella_stroller,umbrella stroller,school,stolen then returned,maybe
73,signed_birth_certificate_frame,birth certificate frame,signed,from a raid,maybe
73,signed_bunsen_burner,bunsen burner,signed,labeled EVIDENCE,maybe
73,signed_forehead_thermometer,forehead thermometer,signed,smelling of fish,maybe
73,signed_kiln_mini,kiln mini,signed,with a lawsuit,maybe
73,signed_milk_frother,milk frother,signed,from a raid,maybe
73,signed_podcast_mic,podcast mic,signed,from a divorce,maybe
73,signed_pogo_stick,pogo stick,signed,labeled EVIDENCE,maybe
73,signed_shaving_mug,shaving mug,signed,labeled EVIDENCE,maybe
73,signed_yearbook_signed,yearbook signed,signed,welded shut,maybe
72,burnt_entrenching_tool,entrenching tool,burnt,with a lawsuit,maybe
72,burnt_heater_aquarium,heater aquarium,burnt,stolen then returned,yes
72,burnt_samurai_sword_wall,samurai sword wall,burnt,stolen then returned,maybe
72,burnt_scratching_post,scratching post,burnt,stolen then returned,maybe
72,burnt_ship_in_bottle,ship in bottle,burnt,with a receipt,maybe
72,burnt_weave_poles,weave poles,burnt,labeled EVIDENCE,maybe
72,dedicated_ant_bait,ant bait,dedicated,with a lawsuit,maybe
72,dedicated_bath_thermometer,bath thermometer,dedicated,labeled EVIDENCE,maybe
72,dedicated_bowling_pin,bowling pin,dedicated,from a fire sale,maybe
72,dedicated_jump_rope_weighted,jump rope weighted,dedicated,with a lawsuit,maybe
72,dedicated_shoe_polish_kit,shoe polish kit,dedicated,from a raid,maybe
72,dedicated_ultrasonic_pest,ultrasonic pest,dedicated,welded shut,maybe
72,dedicated_whoopee_cushion_pack,whoopee cushion pack,dedicated,from a fire sale,maybe
72,evidence_algae_scraper,algae scraper,evidence,with a dead battery,maybe
72,evidence_bench_vise,bench vise,evidence,with mouse droppings,maybe
72,evidence_decanter,decanter,evidence,from a flood,maybe
72,evidence_dice_fuzzy,dice fuzzy,evidence,wrapped in newspaper,maybe
72,evidence_fireworks_illegal,fireworks illegal,evidence,with a receipt,maybe
72,evidence_fondant_kit,fondant kit,evidence,smelling of smoke,maybe
72,evidence_fortune_teller_fish,fortune teller fish,evidence,never opened,maybe
72,evidence_grenade_paperweight,grenade paperweight,evidence,full of coins,maybe
72,evidence_jukebox,jukebox,evidence,with no power cord,maybe
72,evidence_label_maker,label maker,evidence,with the wrong remote,maybe
72,evidence_manga_stack,manga stack,evidence,with a photo,maybe
72,evidence_padlock_collection,padlock collection,evidence,from a fire sale,maybe
72,evidence_popcorn_machine,popcorn machine,evidence,wrapped in newspaper,maybe
72,evidence_rc_helicopter,RC helicopter,evidence,opened once,maybe
72,evidence_shower_caddy,shower caddy,evidence,won at carnival,maybe
72,evidence_smoke_bombs_novelty,smoke bombs novelty,evidence,with a receipt,maybe
72,evidence_typewriter_ribbon,typewriter ribbon,evidence,with no power cord,maybe
72,evidence_weather_house,weather house,evidence,with the wrong remote,maybe
72,evidence_welding_mask,welding mask,evidence,full of coins,maybe
72,expired_bonsai_tools,bonsai tools,expired,stolen then returned,maybe
72,expired_clown_nose_jar,clown nose jar,expired,full of glitter,maybe
72,expired_copy_machine_panel,copy machine panel,expired,from a raid,maybe
72,expired_mezuzah,mezuzah,expired,still beeping,maybe
72,expired_samurai_sword_wall,samurai sword wall,expired,labeled EVIDENCE,maybe
72,foreclosure_baggage_scale,baggage scale,foreclosure,labeled EVIDENCE,maybe
72,foreclosure_busy_board,busy board,foreclosure,labeled EVIDENCE,maybe
72,foreclosure_crystal_cluster,crystal cluster,foreclosure,from a raid,yes
72,foreclosure_fortune_teller_fish,fortune teller fish,foreclosure,in a sock,maybe
72,foreclosure_sheet_music_binder,sheet music binder,foreclosure,welded shut,maybe
72,foreclosure_stethoscope,stethoscope,foreclosure,labeled EVIDENCE,maybe
72,foreclosure_xylophone_kids,xylophone kids,foreclosure,still beeping,maybe
72,gag_barbie_head_only,Barbie head only,gag,with no power cord,maybe
72,gag_blanket_chest,blanket chest,gag,with no power cord,maybe
72,gag_brush_roll,brush roll,gag,wrapped in newspaper,maybe
72,gag_compass,compass,gag,labeled MOM,maybe
72,gag_conductor_baton,conductor baton,gag,glued shut,maybe
72,gag_dot_matrix,dot matrix,gag,full of sand,maybe
72,gag_fog_machine,fog machine,gag,from a fire sale,maybe
72,gag_formula_can_empty,formula can empty,gag,in a trash bag,maybe
72,gag_mandolin,mandolin,gag,in a trash bag,maybe
72,gag_mortar_pestle,mortar pestle,gag,opened once,maybe
72,gag_ribbon_blue,ribbon blue,gag,with the wrong remote,maybe
72,gag_ring_pillow,ring pillow,gag,won at carnival,maybe
72,gag_scrapbook_wedding,scrapbook wedding,gag,smelling of smoke,maybe
72,gag_singing_bowl,singing bowl,gag,labeled FREE,maybe
72,gag_snake_hook,snake hook,gag,full of rice,maybe
72,gag_space_heater,space heater,gag,from a flood,maybe
72,gag_stress_ball_face,stress ball face,gag,in a trash bag,maybe
72,gag_t_square,T-square,gag,zip-tied,maybe
72,gag_thimble_set,thimble set,gag,from a flood,maybe
72,gag_zune,Zune,gag,full of coins,maybe
72,haunted_bottle_brush_set,bottle brush set,haunted,opened once,maybe
72,haunted_copy_machine_panel,copy machine panel,haunted,opened once,maybe
72,haunted_duffel_army,duffel army,haunted,full of rice,maybe
72,haunted_eye_mask_sleep,eye mask sleep,haunted,with a dead battery,maybe
72,haunted_handcuff_prop,handcuff prop,haunted,won at carnival,maybe
72,haunted_ipod_classic,iPod classic,haunted,with instructions missing page 2,maybe
72,haunted_light_meter,light meter,haunted,with instructions missing page 2,maybe
72,haunted_nameplate_desk,nameplate desk,haunted,with no power cord,maybe
72,haunted_nintendo_power_glove,Nintendo Power Glove,haunted,full of rice,maybe
72,haunted_oxygen_mask_demo,oxygen mask demo,haunted,full of coins,maybe
72,haunted_photo_album_mold,photo album mold,haunted,with mouse droppings,maybe
72,haunted_pottery_wheel,pottery wheel,haunted,with mouse droppings,maybe
72,haunted_pruning_shears,pruning shears,haunted,full of sand,maybe
72,haunted_punch_card_deck,punch card deck,haunted,with a note,maybe
72,haunted_salt_mix_bucket,salt mix bucket,haunted,with a receipt,maybe
72,haunted_swing_cradle,swing cradle,haunted,won at carnival,maybe
72,haunted_x_ray_specs,x-ray specs,haunted,with no power cord,maybe
72,lab_air_stone_pack,air stone pack,lab,from a divorce,maybe
72,lab_blotter_pad,blotter pad,lab,welded shut,maybe
72,lab_magic_lantern,magic lantern,lab,still beeping,maybe
72,lab_mortar_pharmacy,mortar pharmacy,lab,with a lawsuit,maybe
72,lab_safe_dial_practice,safe dial practice,lab,full of glitter,maybe
72,lab_skull_candle_holder,skull candle holder,lab,stolen then returned,maybe
72,lab_vr_headset_dusty,VR headset dusty,lab,with a lawsuit,maybe
72,limited_ant_bait,ant bait,limited,still beeping,maybe
72,limited_beekeeping_veil,beekeeping veil,limited,stolen then returned,maybe
72,limited_bocce_ball,bocce ball,limited,won at casino,maybe
72,limited_cannonball_iron,cannonball iron,limited,full of glitter,maybe
72,limited_car_seat_expired,car seat expired,limited,smelling of fish,maybe
72,limited_cuttlebone,cuttlebone,limited,welded shut,maybe
72,limited_flash_bulb_box,flash bulb box,limited,won at casino,maybe
72,limited_forehead_thermometer,forehead thermometer,limited,welded shut,maybe
72,limited_ice_bag_rubber,ice bag rubber,limited,with a lawsuit,maybe
72,limited_laser_pointer,laser pointer,limited,full of glitter,maybe
72,limited_podcast_mic,podcast mic,limited,in a sock,maybe
72,limited_time_clock,time clock,limited,stolen then returned,maybe
72,plastic_backing_fabric,backing fabric,plastic,from a divorce,maybe
72,plastic_refractometer,refractometer,plastic,from a raid,maybe
72,plastic_starch_spray,starch spray,plastic,from a divorce,maybe
72,plastic_tank_model,tank model,plastic,won at casino,maybe
72,plastic_tongs_feeding,tongs feeding,plastic,still beeping,maybe
72,rusty_blackjack_table_toy,blackjack table toy,rusty,smelling of fish,maybe
72,rusty_cotton_candy_spinner,cotton candy spinner,rusty,won at casino,maybe
72,rusty_hot_plate,hot plate,rusty,from a raid,maybe
72,rusty_lawn_dart_banned,lawn dart banned,rusty,welded shut,maybe
72,rusty_minidisc_player,MiniDisc player,rusty,from a raid,maybe
72,rusty_placemat_set,placemat set,rusty,in a sock,maybe
72,rusty_rice_cooker,rice cooker,rusty,from a divorce,maybe
72,rusty_sewing_basket,sewing basket,rusty,stolen then returned,maybe
72,rusty_squeaky_toy_flat,squeaky toy flat,rusty,from a divorce,maybe
72,rusty_thigh_master,thigh master,rusty,labeled EVIDENCE,maybe
72,school_air_fryer,air fryer,school,from a raid,maybe
72,school_canteen_army,canteen army,school,from a divorce,maybe
72,school_canvas_failed,canvas failed,school,stolen then returned,maybe
72,school_cootie_catcher_pack,cootie catcher pack,school,full of glitter,maybe
72,school_printer_carcass,printer carcass,school,full of glitter,maybe
72,school_pull_tab_opener,pull-tab opener,school,welded shut,maybe
72,school_seed_vault,seed vault,school,from a divorce,maybe
72,school_trunk_steamer,trunk steamer,school,in a sock,maybe
72,school_xlr_snake,XLR snake,school,welded shut,maybe
72,signed_bubble_bath_jug,bubble bath jug,signed,smelling of fish,maybe
72,signed_button_tin,button tin,signed,full of glitter,maybe
72,signed_ironing_board,ironing board,signed,stolen then returned,maybe
72,signed_jade_cabbage,jade cabbage,signed,still beeping,maybe
72,signed_metronome_windup,metronome windup,signed,still beeping,maybe
72,signed_pokemon_cards_binder,Pokemon cards binder,signed,stolen then returned,maybe
72,signed_unity_candle,unity candle,signed,still beeping,maybe
71,burnt_butter_dish,butter dish,burnt,labeled EVIDENCE,maybe
71,burnt_camping_stove,camping stove,burnt,labeled EVIDENCE,maybe
71,burnt_catio_panel,catio panel,burnt,in a sock,maybe
71,burnt_leash_retractable,leash retractable,burnt,welded shut,maybe
71,burnt_scale_weighing_pets,scale weighing pets,burnt,from a raid,maybe
71,burnt_sextant,sextant,burnt,full of glitter,maybe
71,burnt_toilet_seat_gold,toilet seat gold,burnt,still beeping,maybe
71,burnt_training_dummy,training dummy,burnt,welded shut,maybe
71,burnt_wine_thief,wine thief,burnt,full of glitter,maybe
71,dedicated_backdrop_roll,backdrop roll,dedicated,still beeping,maybe
71,dedicated_car_seat_expired,car seat expired,dedicated,still beeping,maybe
71,dedicated_hair_dryer,hair dryer,dedicated,full of glitter,maybe
71,dedicated_kitchen_timer,kitchen timer,dedicated,from a divorce,maybe
71,dedicated_loom_mini,loom mini,dedicated,welded shut,maybe
71,dedicated_scrapbook_kit,scrapbook kit,dedicated,won at casino,maybe
71,dedicated_slot_car_track,slot car track,dedicated,from a raid,maybe
71,dedicated_snow_globe,snow globe,dedicated,full of rice,yes
71,dedicated_torch_kit,torch kit,dedicated,full of glitter,maybe
71,evidence_massage_chair_pad,massage chair pad,evidence,with instructions missing page 2,maybe
71,evidence_medal_box,medal box,evidence,with a dead battery,maybe
71,evidence_microchip_scanner,microchip scanner,evidence,with a dead battery,maybe
71,evidence_minidisc_player,MiniDisc player,evidence,with the wrong remote,maybe
71,evidence_putter_novelty,putter novelty,evidence,full of rice,maybe
71,evidence_rattle_keys,rattle keys,evidence,with the wrong remote,maybe
71,evidence_razor_safety,razor safety,evidence,in a trash bag,maybe
71,evidence_sand_timer_giant,sand timer giant,evidence,padlocked,maybe
71,evidence_shell_casing_jar,shell casing jar,evidence,labeled DO NOT SELL,maybe
71,evidence_slug_pellets,slug pellets,evidence,taped shut,maybe
71,evidence_test_kit_water,test kit water,evidence,labeled DO NOT SELL,maybe
71,evidence_thimble_set,thimble set,evidence,with the wrong remote,maybe
71,evidence_unicycle,unicycle,evidence,opened once,maybe
71,evidence_wine_thief,wine thief,evidence,labeled DO NOT SELL,maybe
71,expired_boot_jack,boot jack,expired,still beeping,maybe
71,expired_eye_mask_sleep,eye mask sleep,expired,in a sock,maybe
71,expired_guinea_pig_castle,guinea pig castle,expired,with a lawsuit,maybe
71,expired_hydrometer,hydrometer,expired,stolen then returned,maybe
71,expired_keg_tap,keg tap,expired,from a divorce,maybe
71,expired_macrame_plant,macrame plant,expired,still beeping,maybe
71,expired_roman_candle,roman candle,expired,labeled EVIDENCE,maybe
71,foreclosure_arcade_stick,arcade stick,foreclosure,still beeping,maybe
71,foreclosure_bassinet,bassinet,foreclosure,from a raid,maybe
71,foreclosure_feather_wand,feather wand,foreclosure,still beeping,maybe
71,foreclosure_lego_bin_mystery,Lego bin mystery,foreclosure,stolen then returned,maybe
71,foreclosure_megaphone,megaphone,foreclosure,with a dead battery,maybe
71,foreclosure_mixing_board,mixing board,foreclosure,still beeping,maybe
71,foreclosure_nightstick_foam,nightstick foam,foreclosure,from a raid,maybe
71,foreclosure_quilt_frame,quilt frame,foreclosure,with a lawsuit,maybe
71,foreclosure_sterilizer,sterilizer,foreclosure,welded shut,maybe
71,gag_car_seat_pet,car seat pet,gag,opened once,maybe
71,gag_crutches_pair,crutches pair,gag,from a flood,maybe
71,gag_desk_bell,desk bell,gag,with mouse droppings,maybe
71,gag_earplugs_jar,earplugs jar,gag,smelling of perfume,maybe
71,gag_film_reel,film reel,gag,labeled FREE,maybe
71,gag_garden_gnome_army,garden gnome army,gag,full of coins,maybe
71,gag_grafting_knife,grafting knife,gag,smelling of perfume,maybe
71,gag_humidity_tray,humidity tray,gag,from a fire sale,maybe
71,gag_kazoo_set,kazoo set,gag,opened once,maybe
71,gag_life_ring,life ring,gag,zip-tied,maybe
71,gag_mixing_board,mixing board,gag,labeled FREE,maybe
71,gag_resistance_bands,resistance bands,gag,smelling of perfume,maybe
71,gag_toilet_auger,toilet auger,gag,from a flood,maybe
71,gag_uvb_bulb,UVB bulb,gag,with a photo,maybe
71,gag_wind_vane_toy,wind vane toy,gag,labeled DO NOT SELL,maybe
71,haunted_airline_sick_bag,airline sick bag,haunted,with mouse droppings,maybe
71,haunted_bolt_cutters,bolt cutters,haunted,wrapped in newspaper,maybe
71,haunted_bongo_pair,bongo pair,haunted,with a photo,maybe
71,haunted_boomerang,boomerang,haunted,labeled FREE,maybe
71,haunted_cotton_candy_spinner,cotton candy spinner,haunted,with a photo,maybe
71,haunted_grow_journal,grow journal,haunted,smelling of smoke,maybe
71,haunted_index_cards_recipes,index cards recipes,haunted,from a fire sale,maybe
71,haunted_magic_set_kids,magic set kids,haunted,with a receipt,maybe
71,haunted_mantel_clock,mantel clock,haunted,zip-tied,maybe
71,haunted_mousetrap_pack,mousetrap pack,haunted,glued shut,maybe
71,haunted_mouthguard_case,mouthguard case,haunted,smelling of perfume,maybe
71,haunted_poker_chip_rack,poker chip rack,haunted,with the wrong remote,maybe
71,haunted_pop_filter,pop filter,haunted,padlocked,maybe
71,haunted_score_sheet_stack,score sheet stack,haunted,labeled MOM,maybe
71,haunted_sega_genesis,Sega Genesis,haunted,labeled FREE,maybe
71,haunted_stacking_rings,stacking rings,haunted,with instructions missing page 2,maybe
71,haunted_thread_rack,thread rack,haunted,full of coins,maybe
71,haunted_trailer_hitch_ball,trailer hitch ball,haunted,with a receipt,maybe
71,haunted_transformers_incomplete,Transformers incomplete,haunted,opened once,maybe
71,haunted_treat_pouch,treat pouch,haunted,from a flood,maybe
71,haunted_vhs_security_tapes,VHS security tapes,haunted,full of coins,maybe
71,haunted_wax_seal_kit,wax seal kit,haunted,padlocked,maybe
71,lab_bread_machine,bread machine,lab,welded shut,maybe
71,lab_chip_carousel,chip carousel,lab,welded shut,maybe
71,lab_frisbee_dog,frisbee dog,lab,from a raid,maybe
71,lab_humidity_tray,humidity tray,lab,still beeping,maybe
71,lab_itching_powder,itching powder,lab,won at casino,maybe
71,lab_model_airplane,model airplane,lab,full of glitter,maybe
71,lab_otoscope,otoscope,lab,in a sock,maybe
71,limited_confetti_cannon,confetti cannon,limited,stolen then returned,maybe
71,limited_crutches_pair,crutches pair,limited,welded shut,maybe
71,limited_dog_crate,dog crate,limited,with a lawsuit,maybe
71,limited_model_rocket,model rocket,limited,full of glitter,maybe
71,limited_slow_cooker,slow cooker,limited,full of glitter,maybe
71,limited_smoker_bee,smoker bee,limited,in a sock,maybe
71,limited_snorkel_set,snorkel set,limited,stolen then returned,maybe
71,limited_water_bottle_sipper,water bottle sipper,limited,stolen then returned,maybe
71,plastic_aquarium,aquarium,plastic,full of sand,yes
71,plastic_bayonet_dull,bayonet dull,plastic,from a raid,maybe
71,plastic_corkscrew_fancy,corkscrew fancy,plastic,in a sock,maybe
71,plastic_drill_press,drill press,plastic,from a raid,maybe
71,plastic_tea_tin_set,tea tin set,plastic,in a sock,maybe
71,plastic_watering_can,watering can,plastic,from a divorce,maybe
71,rusty_card_shuffler,card shuffler,rusty,from a divorce,maybe
71,rusty_napkin_rings,napkin rings,rusty,welded shut,maybe
71,rusty_putty_thinking,putty thinking,rusty,still beeping,maybe
71,rusty_stacking_rings,stacking rings,rusty,welded shut,maybe
71,school_coin_sorter,coin sorter,school,from a raid,maybe
71,school_flintlock_replica,flintlock replica,school,from a raid,maybe
71,school_loom_mini,loom mini,school,smelling of fish,maybe
71,school_newton_cradle,newton cradle,school,smelling of fish,maybe
71,school_payphone_handset,payphone handset,school,won at casino,maybe
71,school_pop_filter,pop filter,school,still beeping,maybe
71,school_toy_chest,toy chest,school,full of glitter,maybe
71,school_turtle_shell,turtle shell,school,labeled EVIDENCE,maybe
71,signed_ashtray_tower,ashtray tower,signed,still beeping,maybe
71,signed_backgammon_board,backgammon board,signed,from a divorce,maybe
71,signed_beetle_pins,beetle pins,signed,stolen then returned,maybe
71,signed_bug_zapper,bug zapper,signed,labeled EVIDENCE,maybe
71,signed_closet_flange,closet flange,signed,full of glitter,maybe
71,signed_cuttlebone,cuttlebone,signed,smelling of fish,maybe
71,signed_kazoo_set,kazoo set,signed,from a raid,maybe
71,signed_latch_hook_kit,latch hook kit,signed,labeled EVIDENCE,maybe
71,signed_punch_card_deck,punch card deck,signed,from a raid,maybe
71,signed_trunk_travel,trunk travel,signed,labeled EVIDENCE,maybe
70,burnt_ceiling_fan_blade,ceiling fan blade,burnt,still beeping,maybe
70,burnt_flare_gun_prop,flare gun prop,burnt,from a raid,maybe
70,burnt_live_rock_dry,live rock dry,burnt,won at casino,maybe
70,burnt_ventriloquist_dummy,ventriloquist dummy,burnt,full of rice,maybe
70,burnt_waffle_iron,waffle iron,burnt,smelling of perfume,maybe
70,dedicated_action_figure_loose,action figure loose,dedicated,welded shut,maybe
70,dedicated_ammo_crate_wood,ammo crate wood,dedicated,from a raid,maybe
70,dedicated_cape_velvet,cape velvet,dedicated,with a lawsuit,maybe
70,dedicated_lava_lamp,lava lamp,dedicated,with the wrong remote,yes
70,dedicated_makeup_case,makeup case,dedicated,with a lawsuit,maybe
70,dedicated_mascot_head,mascot head,dedicated,wrapped in newspaper,maybe
70,dedicated_scout_sash,scout sash,dedicated,won at casino,maybe
70,dedicated_sega_genesis,Sega Genesis,dedicated,still beeping,maybe
70,dedicated_veil_boxed,veil boxed,dedicated,from a divorce,maybe
70,evidence_air_fryer,air fryer,evidence,smelling of perfume,maybe
70,evidence_baseball_cards_shoe_box,baseball cards shoe box,evidence,with instructions missing page 2,maybe
70,evidence_cake_topper_bride,cake topper bride,evidence,full of sand,maybe
70,evidence_espresso_portafilter,espresso portafilter,evidence,padlocked,maybe
70,evidence_fleece_raw,fleece raw,evidence,taped shut,maybe
70,evidence_incense_burner,incense burner,evidence,labeled MOM,maybe
70,evidence_ink_stone,ink stone,evidence,zip-tied,maybe
70,evidence_parrot_perch,parrot perch,evidence,wrapped in newspaper,maybe
70,evidence_passport_stamp_kit,passport stamp kit,evidence,with a photo,maybe
70,evidence_prayer_beads,prayer beads,evidence,smelling of perfume,maybe
70,evidence_thigh_master,thigh master,evidence,with mouse droppings,maybe
70,expired_chicken_feeder,chicken feeder,expired,full of glitter,maybe
70,expired_hive_frame,hive frame,expired,with a lawsuit,maybe
70,expired_lipstick_bullet,lipstick bullet,expired,stolen then returned,maybe
70,expired_mahjong_set,mahjong set,expired,full of glitter,maybe
70,expired_roach_motel,roach motel,expired,stolen then returned,maybe
70,expired_stilts_pair,stilts pair,expired,still beeping,maybe
70,expired_straw_dispenser,straw dispenser,expired,from a divorce,maybe
70,expired_trophy_spelling,trophy spelling,expired,labeled EVIDENCE,maybe
70,foreclosure_blackjack_table_toy,blackjack table toy,foreclosure,still beeping,maybe
70,foreclosure_cb_radio,CB radio,foreclosure,from a raid,maybe
70,foreclosure_ir_thermometer,IR thermometer,foreclosure,won at casino,maybe
70,foreclosure_matchbook_collection,matchbook collection,foreclosure,from a raid,maybe
70,foreclosure_tuning_fork,tuning fork,foreclosure,from a raid,maybe
70,foreclosure_watercolor_tin,watercolor tin,foreclosure,labeled EVIDENCE,maybe
70,gag_activity_gym,activity gym,gag,labeled DO NOT SELL,maybe
70,gag_baby_carrier,baby carrier,gag,labeled FREE,maybe
70,gag_beetle_pins,beetle pins,gag,in a trash bag,maybe
70,gag_blacksmith_tongs,blacksmith tongs,gag,smelling of perfume,maybe
70,gag_captain_hat,captain hat,gag,never opened,maybe
70,gag_fiber_optic_lamp,fiber optic lamp,gag,smelling of perfume,yes
70,gag_fondue_set,fondue set,gag,zip-tied,maybe
70,gag_gas_mask_toy,gas mask toy,gag,from a fire sale,maybe
70,gag_gps_tracker_pet,GPS tracker pet,gag,from a fire sale,maybe
70,gag_guest_book,guest book,gag,glued shut,maybe
70,gag_ship_clock,ship clock,gag,with a note,maybe
70,gag_springform,springform,gag,with instructions missing page 2,maybe
70,gag_storage_ottoman,storage ottoman,gag,with a receipt,maybe
70,gag_tarot_deck,tarot deck,gag,full of rice,maybe
70,haunted_addressograph,addressograph,haunted,full of rice,maybe
70,haunted_baby_shoes_bronze,baby shoes bronze,haunted,from a fire sale,maybe
70,haunted_betamax_stack,Betamax stack,haunted,with mouse droppings,maybe
70,haunted_bird_bath,bird bath,haunted,with a photo,maybe
70,haunted_booster_seat,booster seat,haunted,with a photo,maybe
70,haunted_butterfly_case,butterfly case,haunted,opened once,maybe
70,haunted_canvas_failed,canvas failed,haunted,full of rice,maybe
70,haunted_croquet_mallet,croquet mallet,haunted,full of coins,maybe
70,haunted_espresso_portafilter,espresso portafilter,haunted,from a fire sale,maybe
70,haunted_extension_cord_nest,extension cord nest,haunted,labeled FREE,maybe
70,haunted_geiger_counter,Geiger counter,haunted,smelling of perfume,maybe
70,haunted_globe_stand,globe stand,haunted,taped shut,yes
70,haunted_harness_dog,harness dog,haunted,with no power cord,maybe
70,haunted_keg_tap,keg tap,haunted,never opened,maybe
70,haunted_plunger_deluxe,plunger deluxe,haunted,labeled DO NOT SELL,maybe
70,haunted_putter_novelty,putter novelty,haunted,with mouse droppings,maybe
70,haunted_warehouse_clipboard,warehouse clipboard,haunted,smelling of smoke,maybe
70,lab_amp_head,amp head,lab,welded shut,maybe
70,lab_arcade_stick,arcade stick,lab,with a lawsuit,maybe
70,lab_baby_carrier,baby carrier,lab,with a lawsuit,maybe
70,lab_boom_arm,boom arm,lab,stolen then returned,maybe
70,lab_shoe_tree_pair,shoe tree pair,lab,full of glitter,maybe
70,lab_springform,springform,lab,welded shut,maybe
70,lab_surge_protector_fried,surge protector fried,lab,from a divorce,maybe
70,lab_trunk_travel,trunk travel,lab,full of glitter,maybe
70,limited_anchor_paperweight,anchor paperweight,limited,stolen then returned,maybe
70,limited_closet_flange,closet flange,limited,won at casino,maybe
70,limited_executive_toy,executive toy,limited,labeled EVIDENCE,maybe
70,limited_fire_extinguisher,fire extinguisher,limited,stolen then returned,maybe
70,limited_flight_harness,flight harness,limited,with a lawsuit,maybe
70,limited_golf_club_set,golf club set,limited,from a raid,maybe
70,plastic_mask_gas_antique,mask gas antique,plastic,won at casino,maybe
70,plastic_mess_kit,mess kit,plastic,stolen then returned,maybe
70,plastic_mouthwash_novelty,mouthwash novelty,plastic,still beeping,maybe
70,plastic_orchid_pot,orchid pot,plastic,from a raid,maybe
70,plastic_seat_belt_pet,seat belt pet,plastic,won at casino,maybe
70,rusty_cricket_keeper,cricket keeper,rusty,smelling of fish,maybe
70,rusty_feather_wand,feather wand,rusty,smelling of fish,maybe
70,rusty_pottery_wheel,pottery wheel,rusty,stolen then returned,maybe
70,rusty_toaster,toaster,rusty,in a trash bag,maybe
70,rusty_turtle_shell,turtle shell,rusty,stolen then returned,maybe
70,school_jade_cabbage,jade cabbage,school,with a lawsuit,maybe
70,school_roach_motel,roach motel,school,full of glitter,maybe
70,school_robot_vacuum_dead,robot vacuum dead,school,with a lawsuit,maybe
70,school_swing_cradle,swing cradle,school,with a lawsuit,maybe
70,school_teeter_board,teeter board,school,still beeping,maybe
70,school_unity_candle,unity candle,school,with a lawsuit,maybe
70,school_wine_barrel_bung,wine barrel bung,school,labeled EVIDENCE,maybe
70,signed_beach_umbrella,beach umbrella,signed,smelling of fish,maybe
70,signed_crt_green_terminal,CRT green terminal,signed,stolen then returned,maybe
70,signed_dehumidifier_dead,dehumidifier dead,signed,with a lawsuit,maybe
70,signed_diaper_genie,diaper genie,signed,won at casino,maybe
70,signed_fondue_set,fondue set,signed,won at casino,maybe
70,signed_foot_spa,foot spa,signed,in a sock,maybe
70,signed_menu_diner,menu diner,signed,from a raid,maybe
70,signed_shoe_tree_pair,shoe tree pair,signed,labeled EVIDENCE,maybe
69,burnt_crepe_maker,crepe maker,burnt,in a sock,maybe
69,burnt_dog_crate,dog crate,burnt,still beeping,maybe
69,burnt_ouija_planchette,ouija planchette,burnt,welded shut,maybe
69,burnt_seed_packets,seed packets,burnt,won at casino,maybe
69,burnt_taxidermy_squirrel,taxidermy squirrel,burnt,won at carnival,maybe
69,dedicated_compass,compass,dedicated,from a divorce,maybe
69,dedicated_harness_dog,harness dog,dedicated,in a sock,maybe
69,dedicated_jigsaw,jigsaw,dedicated,in a sock,maybe
69,dedicated_ken_torso,Ken torso,dedicated,won at casino,maybe
69,dedicated_mask_gas_antique,mask gas antique,dedicated,full of glitter,maybe
69,dedicated_mood_light,mood light,dedicated,with a lawsuit,maybe
69,dedicated_powder_puff,powder puff,dedicated,welded shut,maybe
69,dedicated_shoe_tree_pair,shoe tree pair,dedicated,stolen then returned,maybe
69,dedicated_tea_tin_set,tea tin set,dedicated,from a divorce,maybe
69,dedicated_test_kit_water,test kit water,dedicated,with a lawsuit,maybe
69,dedicated_thermal_camera_toy,thermal camera toy,dedicated,smelling of fish,maybe
69,evidence_baby_food_jars,baby food jars,evidence,padlocked,maybe
69,evidence_badge_press,badge press,evidence,padlocked,maybe
69,evidence_canteen_army,canteen army,evidence,smelling of smoke,maybe
69,evidence_cologne_splash,cologne splash,evidence,with a note,maybe
69,evidence_djembe,djembe,evidence,with no power cord,maybe
69,evidence_exersaucer,exersaucer,evidence,from a fire sale,maybe
69,evidence_hand_puppets,hand puppets,evidence,from a fire sale,maybe
69,evidence_ice_pack_novelty,ice pack novelty,evidence,labeled FREE,maybe
69,evidence_laminator,laminator,evidence,taped shut,maybe
69,evidence_life_vest_airline,life vest airline,evidence,with the wrong remote,maybe
69,evidence_mandolin,mandolin,evidence,labeled DO NOT SELL,maybe
69,evidence_mezuzah,mezuzah,evidence,from a fire sale,maybe
69,evidence_nunchaku_foam,nunchaku foam,evidence,with a dead battery,maybe
69,evidence_pager,pager,evidence,full of sand,maybe
69,evidence_party_popper_crate,party popper crate,evidence,labeled FREE,maybe
69,evidence_pie_weights,pie weights,evidence,smelling of perfume,maybe
69,evidence_powder_horn,powder horn,evidence,with a receipt,maybe
69,evidence_rice_cooker,rice cooker,evidence,with no power cord,maybe
69,evidence_roman_candle,roman candle,evidence,in a trash bag,maybe
69,evidence_sheet_music_binder,sheet music binder,evidence,from a flood,maybe
69,evidence_shower_radio,shower radio,evidence,glued shut,maybe
69,evidence_signed_basketball,signed basketball,evidence,with a photo,maybe
69,evidence_slot_machine_bank,slot machine bank,evidence,full of sand,maybe
69,evidence_smoke_alarm_chirp,smoke alarm chirp,evidence,labeled FREE,maybe
69,evidence_transformers_incomplete,Transformers incomplete,evidence,taped shut,maybe
69,evidence_tweezers_gold,tweezers gold,evidence,full of coins,maybe
69,evidence_wig_stand,wig stand,evidence,labeled MOM,maybe
69,expired_batting_roll,batting roll,expired,welded shut,maybe
69,expired_clicker_training,clicker training,expired,with a lawsuit,maybe
69,expired_crib_mobile,crib mobile,expired,smelling of fish,maybe
69,expired_hose_nozzle,hose nozzle,expired,won at casino,maybe
69,expired_manicure_set,manicure set,expired,welded shut,maybe
69,expired_pressure_cooker,pressure cooker,expired,from a divorce,maybe
69,expired_propane_tank_empty,propane tank empty,expired,welded shut,maybe
69,expired_skate_helmet,skate helmet,expired,in a sock,maybe
69,expired_sugar_caddy,sugar caddy,expired,smelling of fish,maybe
69,expired_telescope,telescope,expired,in a sock,maybe
69,foreclosure_bias_tape,bias tape,foreclosure,labeled EVIDENCE,maybe
69,foreclosure_bird_bath,bird bath,foreclosure,labeled EVIDENCE,maybe
69,foreclosure_check_writer,check writer,foreclosure,still beeping,maybe
69,foreclosure_fake_dog_poop,fake dog poop,foreclosure,with mouse droppings,maybe
69,foreclosure_frisbee_glow,frisbee glow,foreclosure,labeled EVIDENCE,maybe
69,foreclosure_origami_paper,origami paper,foreclosure,in a sock,maybe
69,foreclosure_putty_thinking,putty thinking,foreclosure,with a lawsuit,maybe
69,foreclosure_sea_chest,sea chest,foreclosure,stolen then returned,maybe
69,foreclosure_shark_tooth_jar,shark tooth jar,foreclosure,welded shut,maybe
69,foreclosure_signed_basketball,signed basketball,foreclosure,full of glitter,maybe
69,foreclosure_waffle_iron,waffle iron,foreclosure,glued shut,maybe
69,gag_camera_bag_empty,camera bag empty,gag,from a flood,maybe
69,gag_clicker_training,clicker training,gag,zip-tied,maybe
69,gag_comic_longbox,comic longbox,gag,with a dead battery,maybe
69,gag_compact_mirror,compact mirror,gag,with no power cord,maybe
69,gag_deep_fryer,deep fryer,gag,full of rice,maybe
69,gag_frisbee_dog,frisbee dog,gag,taped shut,maybe
69,gag_hand_buzzer,hand buzzer,gag,padlocked,maybe
69,gag_milk_frother,milk frother,gag,opened once,maybe
69,gag_millet_spray,millet spray,gag,taped shut,maybe
69,gag_modeling_clay,modeling clay,gag,smelling of smoke,maybe
69,gag_rain_gauge,rain gauge,gag,with mouse droppings,maybe
69,gag_skate_helmet,skate helmet,gag,opened once,maybe
69,gag_sprinkler_oscillating,sprinkler oscillating,gag,full of sand,maybe
69,gag_wand_sparkly,wand sparkly,gag,labeled MOM,maybe
69,gag_whistle_referee,whistle referee,gag,won at carnival,maybe
69,gag_wine_thief,wine thief,gag,in a trash bag,maybe
69,haunted_bath_bomb_crate,bath bomb crate,haunted,labeled DO NOT SELL,maybe
69,haunted_binoculars,binoculars,haunted,from a fire sale,maybe
69,haunted_bundt_pan,bundt pan,haunted,with a photo,maybe
69,haunted_changing_table,changing table,haunted,labeled MOM,maybe
69,haunted_laminator,laminator,haunted,opened once,maybe
69,haunted_lens_dusty,lens dusty,haunted,full of coins,maybe
69,haunted_moon_sand,moon sand,haunted,zip-tied,maybe
69,haunted_pattern_envelope,pattern envelope,haunted,labeled FREE,maybe
69,haunted_pedicure_tub,pedicure tub,haunted,smelling of smoke,maybe
69,haunted_place_card_holder,place card holder,haunted,labeled MOM,maybe
69,haunted_scrapbook_kit,scrapbook kit,haunted,in a trash bag,maybe
69,haunted_spirit_board_cheap,spirit board cheap,haunted,with no power cord,maybe
69,haunted_yarn_skein_bin,yarn skein bin,haunted,glued shut,maybe
69,lab_desk_bell,desk bell,lab,stolen then returned,maybe
69,lab_garden_gnome_army,garden gnome army,lab,in a sock,maybe
69,lab_mealworm_farm,mealworm farm,lab,from a divorce,maybe
69,lab_mouthwash_novelty,mouthwash novelty,lab,smelling of fish,maybe
69,lab_puppet_theater,puppet theater,lab,full of glitter,maybe
69,lab_stress_ball_face,stress ball face,lab,labeled EVIDENCE,maybe
69,limited_balloon_animal_kit,balloon animal kit,limited,in a sock,maybe
69,limited_carding_brushes,carding brushes,limited,still beeping,maybe
69,limited_ghost_detector,ghost detector,limited,labeled EVIDENCE,maybe
69,limited_hypno_spiral,hypno spiral,limited,labeled EVIDENCE,maybe
69,limited_mess_kit,mess kit,limited,labeled EVIDENCE,maybe
69,limited_zune,Zune,limited,from a divorce,maybe
69,plastic_bike_trailer_pet,bike trailer pet,plastic,welded shut,maybe
69,plastic_clothes_iron,clothes iron,plastic,with a lawsuit,maybe
69,plastic_ghost_detector,ghost detector,plastic,stolen then returned,maybe
69,plastic_pacifier_collection,pacifier collection,plastic,with a lawsuit,maybe
69,plastic_police_scanner,police scanner,plastic,stolen then returned,maybe
69,plastic_smoke_grenade_novelty,smoke grenade novelty,plastic,still beeping,maybe
69,plastic_turtle_shell,turtle shell,plastic,full of glitter,maybe
69,plastic_whoopee_remote,whoopee remote,plastic,still beeping,maybe
69,rusty_baby_monitor_crt,baby monitor CRT,rusty,from a raid,maybe
69,rusty_booster_seat,booster seat,rusty,won at casino,maybe
69,rusty_bundt_pan,bundt pan,rusty,won at casino,maybe
69,rusty_cheese_board,cheese board,rusty,still beeping,maybe
69,rusty_creamer_cow,creamer cow,rusty,from a raid,maybe
69,rusty_ink_well,ink well,rusty,won at casino,maybe
69,rusty_life_vest_airline,life vest airline,rusty,from a raid,maybe
69,rusty_sega_genesis,Sega Genesis,rusty,with a lawsuit,maybe
69,rusty_trophy_spelling,trophy spelling,rusty,full of glitter,maybe
69,school_diaper_genie,diaper genie,school,labeled EVIDENCE,maybe
69,school_hope_chest,hope chest,school,with a lawsuit,maybe
69,school_jigsaw,jigsaw,school,from a divorce,maybe
69,school_lathe_mini,lathe mini,school,smelling of fish,maybe
69,school_panini_press,panini press,school,welded shut,maybe
69,school_wedding_cake_knife,wedding cake knife,school,welded shut,maybe
69,signed_deer_antler,deer antler,signed,from a raid,maybe
69,signed_globe_stand,globe stand,signed,from a divorce,yes
69,signed_inner_tube,inner tube,signed,from a divorce,maybe
69,signed_jersey_framed,jersey framed,signed,in a sock,maybe
69,signed_pin_cushion_tomato,pin cushion tomato,signed,with a lawsuit,maybe
69,signed_polaroid_pack_expired,polaroid pack expired,signed,with a lawsuit,maybe
69,signed_spray_paint_crate,spray paint crate,signed,labeled EVIDENCE,maybe
69,signed_toaster,toaster,signed,zip-tied,maybe
68,burnt_gi_joe_footlocker,G.I. Joe footlocker,burnt,smelling of fish,maybe
68,burnt_sterilizer,sterilizer,burnt,smelling of fish,maybe
68,dedicated_lucky_cat,lucky cat,dedicated,from a raid,maybe
68,evidence_airline_sick_bag,airline sick bag,evidence,full of rice,maybe
68,evidence_back_scrubber,back scrubber,evidence,full of rice,maybe
68,evidence_barbie_head_only,Barbie head only,evidence,never opened,maybe
68,evidence_batting_roll,batting roll,evidence,with instructions missing page 2,maybe
68,evidence_boot_jack,boot jack,evidence,from a fire sale,maybe
68,evidence_butterfly_case,butterfly case,evidence,taped shut,maybe
68,evidence_cardboard_condo,cardboard condo,evidence,full of sand,maybe
68,evidence_cat_tree,cat tree,evidence,glued shut,maybe
68,evidence_do_not_disturb_sign,do not disturb sign,evidence,wrapped in newspaper,maybe
68,evidence_glockenspiel,glockenspiel,evidence,smelling of perfume,maybe
68,evidence_guinea_pig_castle,guinea pig castle,evidence,labeled FREE,maybe
68,evidence_hamper_laundry,hamper laundry,evidence,taped shut,maybe
68,evidence_hope_chest,hope chest,evidence,zip-tied,maybe
68,evidence_kite_broken,kite broken,evidence,glued shut,maybe
68,evidence_lizard_hide,lizard hide,evidence,glued shut,maybe
68,evidence_marker_bin,marker bin,evidence,from a fire sale,maybe
68,evidence_model_train_set,model train set,evidence,from a fire sale,maybe
68,evidence_pattern_envelope,pattern envelope,evidence,won at carnival,maybe
68,evidence_pipe_wrench,pipe wrench,evidence,full of rice,maybe
68,evidence_propane_tank_empty,propane tank empty,evidence,with instructions missing page 2,maybe
68,evidence_protein_skimmer,protein skimmer,evidence,with a receipt,maybe
68,evidence_punch_card_rack,punch card rack,evidence,labeled FREE,maybe
68,evidence_robot_vacuum_dead,robot vacuum dead,evidence,zip-tied,maybe
68,evidence_sewing_basket,sewing basket,evidence,full of rice,maybe
68,evidence_stadium_seat,stadium seat,evidence,with instructions missing page 2,maybe
68,evidence_turntable,turntable,evidence,from a flood,maybe
68,evidence_zip_drive,ZIP drive,evidence,with a photo,maybe
68,expired_bench_vise,bench vise,expired,stolen then returned,maybe
68,expired_boom_arm,boom arm,expired,full of glitter,maybe
68,expired_fly_swatter_set,fly swatter set,expired,still beeping,maybe
68,expired_fog_machine,fog machine,expired,welded shut,maybe
68,expired_moon_sand,moon sand,expired,won at casino,maybe
68,expired_teleprompter_diy,teleprompter DIY,expired,smelling of fish,maybe
68,expired_transformers_incomplete,Transformers incomplete,expired,from a raid,maybe
68,expired_tuba_kids,tuba kids,expired,smelling of fish,maybe
68,foreclosure_badge_press,badge press,foreclosure,with a lawsuit,maybe
68,foreclosure_conductor_baton,conductor baton,foreclosure,from a raid,maybe
68,foreclosure_cpap_machine,CPAP machine,foreclosure,smelling of fish,maybe
68,foreclosure_gas_mask_toy,gas mask toy,foreclosure,smelling of fish,maybe
68,foreclosure_manga_stack,manga stack,foreclosure,full of glitter,maybe
68,foreclosure_massage_chair_pad,massage chair pad,foreclosure,smelling of fish,maybe
68,foreclosure_sand_timer_giant,sand timer giant,foreclosure,with a lawsuit,maybe
68,foreclosure_sextant,sextant,foreclosure,won at casino,maybe
68,gag_beer_growler,beer growler,gag,with a note,maybe
68,gag_boom_arm,boom arm,gag,with mouse droppings,maybe
68,gag_chip_carousel,chip carousel,gag,with instructions missing page 2,maybe
68,gag_fabric_shaver,fabric shaver,gag,smelling of smoke,maybe
68,gag_gi_joe_footlocker,G.I. Joe footlocker,gag,with a receipt,maybe
68,gag_instant_pot_clone,instant pot clone,gag,labeled FREE,maybe
68,gag_kitchen_scale,kitchen scale,gag,won at carnival,maybe
68,gag_lego_bin_mystery,Lego bin mystery,gag,wrapped in newspaper,maybe
68,gag_propane_tank_empty,propane tank empty,gag,from a fire sale,maybe
68,gag_slide_projector,slide projector,gag,with a photo,maybe
68,gag_slide_rule,slide rule,gag,with a note,maybe
68,gag_smoker_bee,smoker bee,gag,never opened,maybe
68,gag_soda_siphon,soda siphon,gag,with a dead battery,maybe
68,gag_table_runner,table runner,gag,from a flood,maybe
68,gag_terrarium,terrarium,gag,with instructions missing page 2,maybe
68,gag_trombone_slide,trombone slide,gag,zip-tied,maybe
68,haunted_alphabet_blocks,alphabet blocks,haunted,full of rice,maybe
68,haunted_dehumidifier_dead,dehumidifier dead,haunted,labeled DO NOT SELL,maybe
68,haunted_denture_adhesive,denture adhesive,haunted,with a receipt,maybe
68,haunted_drafting_set,drafting set,haunted,never opened,maybe
68,haunted_glaze_bottles,glaze bottles,haunted,taped shut,maybe
68,haunted_glockenspiel,glockenspiel,haunted,with the wrong remote,maybe
68,haunted_hot_plate,hot plate,haunted,taped shut,maybe
68,haunted_jade_cabbage,jade cabbage,haunted,won at carnival,maybe
68,haunted_ken_torso,Ken torso,haunted,in a trash bag,maybe
68,haunted_lipstick_bullet,lipstick bullet,haunted,in a trash bag,maybe
68,haunted_microchip_scanner,microchip scanner,haunted,wrapped in newspaper,maybe
68,haunted_pool_noodle_bin,pool noodle bin,haunted,labeled DO NOT SELL,maybe
68,haunted_shaving_mug,shaving mug,haunted,wrapped in newspaper,maybe
68,haunted_slow_cooker,slow cooker,haunted,full of rice,maybe
68,haunted_thermal_camera_toy,thermal camera toy,haunted,from a fire sale,maybe
68,lab_bedpan,bedpan,lab,labeled FREE,maybe
68,lab_bunsen_burner,bunsen burner,lab,full of glitter,maybe
68,lab_butter_dish,butter dish,lab,stolen then returned,maybe
68,lab_clothes_iron,clothes iron,lab,still beeping,maybe
68,lab_coffee_grinder,coffee grinder,lab,labeled EVIDENCE,maybe
68,lab_crt_green_terminal,CRT green terminal,lab,labeled EVIDENCE,maybe
68,lab_drone_crashed,drone crashed,lab,smelling of fish,maybe
68,lab_pastry_blender,pastry blender,lab,with a lawsuit,maybe
68,lab_rubber_stamp_set,rubber stamp set,lab,stolen then returned,maybe
68,lab_shampoo_sample_bin,shampoo sample bin,lab,from a divorce,maybe
68,limited_captain_hat,captain hat,limited,in a sock,maybe
68,limited_inner_tube,inner tube,limited,in a sock,maybe
68,limited_lava_lamp,lava lamp,limited,smelling of smoke,yes
68,limited_police_scanner,police scanner,limited,labeled EVIDENCE,maybe
68,limited_scanner_flatbed,scanner flatbed,limited,still beeping,maybe
68,limited_speed_bag,speed bag,limited,labeled EVIDENCE,maybe
68,limited_throw_blanket,throw blanket,limited,from a raid,maybe
68,limited_tripod_broken,tripod broken,limited,from a divorce,maybe
68,limited_uvb_bulb,UVB bulb,limited,full of glitter,maybe
68,plastic_betamax_stack,Betamax stack,plastic,full of glitter,maybe
68,plastic_cheese_board,cheese board,plastic,welded shut,maybe
68,plastic_cushion_insert,cushion insert,plastic,smelling of fish,maybe
68,plastic_toothpick_dispenser,toothpick dispenser,plastic,full of glitter,maybe
68,plastic_turntable,turntable,plastic,from a raid,maybe
68,rusty_baby_food_jars,baby food jars,rusty,still beeping,maybe
68,rusty_label_maker,label maker,rusty,from a raid,maybe
68,rusty_lantern_camping,lantern camping,rusty,full of glitter,maybe
68,rusty_protein_skimmer,protein skimmer,rusty,smelling of fish,maybe
68,rusty_smoke_bombs_novelty,smoke bombs novelty,rusty,smelling of fish,maybe
68,rusty_soap_on_a_rope,soap on a rope,rusty,with a lawsuit,maybe
68,rusty_toy_chest,toy chest,rusty,labeled EVIDENCE,maybe
68,school_coffee_maker,coffee maker,school,from a divorce,maybe
68,school_exersaucer,exersaucer,school,welded shut,maybe
68,school_high_chair,high chair,school,in a sock,maybe
68,signed_bath_thermometer,bath thermometer,signed,full of glitter,maybe
68,signed_chocolate_fountain,chocolate fountain,signed,still beeping,maybe
68,signed_coaster_cork,coaster cork,signed,full of glitter,maybe
68,signed_egg_incubator,egg incubator,signed,smelling of fish,maybe
68,signed_hot_plate,hot plate,signed,from a divorce,maybe
68,signed_teeter_board,teeter board,signed,smelling of fish,maybe
68,signed_watering_can,watering can,signed,in a sock,maybe
67,burnt_cello_broken,cello broken,burnt,with a lawsuit,maybe
67,burnt_cigar_humidor,cigar humidor,burnt,in a sock,maybe
67,burnt_organ_pedal,organ pedal,burnt,in a sock,maybe
67,burnt_origami_paper,origami paper,burnt,from a divorce,maybe
67,burnt_shake_weight,shake weight,burnt,from a divorce,maybe
67,dedicated_abacus_kids,abacus kids,dedicated,still beeping,maybe
67,dedicated_arrow_through_head,arrow through head,dedicated,with a photo,maybe
67,dedicated_canteen_army,canteen army,dedicated,in a sock,maybe
67,dedicated_cootie_catcher_pack,cootie catcher pack,dedicated,won at casino,maybe
67,dedicated_drop_spindle,drop spindle,dedicated,won at casino,maybe
67,dedicated_harmonica_chrome,harmonica chrome,dedicated,smelling of fish,maybe
67,dedicated_parrot_perch,parrot perch,dedicated,labeled EVIDENCE,maybe
67,dedicated_pattern_envelope,pattern envelope,dedicated,still beeping,maybe
67,dedicated_tire_iron,tire iron,dedicated,stolen then returned,maybe
67,dedicated_toaster,toaster,dedicated,with a photo,maybe
67,dedicated_yarn_skein_bin,yarn skein bin,dedicated,from a raid,maybe
67,evidence_afghan_granny,afghan granny,evidence,full of rice,maybe
67,evidence_boomerang,boomerang,evidence,won at carnival,maybe
67,evidence_cabinet_speaker,cabinet speaker,evidence,with no power cord,maybe
67,evidence_cape_velvet,cape velvet,evidence,labeled DO NOT SELL,maybe
67,evidence_cb_radio,CB radio,evidence,smelling of smoke,maybe
67,evidence_doubloon_plastic,doubloon plastic,evidence,wrapped in newspaper,maybe
67,evidence_drone_crashed,drone crashed,evidence,smelling of perfume,maybe
67,evidence_garter,garter,evidence,from a flood,maybe
67,evidence_lipstick_bullet,lipstick bullet,evidence,with mouse droppings,maybe
67,evidence_menorah,menorah,evidence,won at carnival,maybe
67,evidence_poker_chip_rack,poker chip rack,evidence,smelling of perfume,maybe
67,evidence_rotary_phone,rotary phone,evidence,with a dead battery,maybe
67,evidence_skeleton_half,skeleton half,evidence,with the wrong remote,maybe
67,evidence_soap_on_a_rope,soap on a rope,evidence,won at carnival,maybe
67,expired_bird_swing,bird swing,expired,full of glitter,maybe
67,expired_brine_shrimp_hatchery,brine shrimp hatchery,expired,in a sock,maybe
67,expired_checkers_set,checkers set,expired,smelling of fish,maybe
67,expired_cheer_megaphone,cheer megaphone,expired,from a raid,maybe
67,expired_cpap_machine,CPAP machine,expired,welded shut,maybe
67,expired_hygrometer,hygrometer,expired,smelling of fish,maybe
67,expired_pool_noodle_bin,pool noodle bin,expired,full of glitter,maybe
67,expired_raclette_grill,raclette grill,expired,smelling of fish,maybe
67,expired_ratchet_strap_pack,ratchet strap pack,expired,stolen then returned,maybe
67,expired_signed_basketball,signed basketball,expired,won at casino,maybe
67,expired_slug_pellets,slug pellets,expired,from a raid,maybe
67,expired_world_time_clock,world time clock,expired,from a divorce,maybe
67,foreclosure_brush_roll,brush roll,foreclosure,stolen then returned,maybe
67,foreclosure_callus_grater,callus grater,foreclosure,full of glitter,maybe
67,foreclosure_dot_matrix,dot matrix,foreclosure,with a lawsuit,maybe
67,foreclosure_egg_timer,egg timer,foreclosure,won at casino,maybe
67,foreclosure_foam_finger,foam finger,foreclosure,with a lawsuit,maybe
67,foreclosure_hose_nozzle,hose nozzle,foreclosure,full of glitter,maybe
67,foreclosure_magic_cards_bulk,Magic cards bulk,foreclosure,with a lawsuit,maybe
67,foreclosure_passport_stamp_kit,passport stamp kit,foreclosure,full of glitter,maybe
67,foreclosure_recipe_box,recipe box,foreclosure,won at casino,maybe
67,foreclosure_skate_helmet,skate helmet,foreclosure,from a divorce,maybe
67,gag_acrylic_set,acrylic set,gag,full of coins,maybe
67,gag_boutonniere_dried,boutonniere dried,gag,in a trash bag,maybe
67,gag_chest_empty,chest empty,gag,taped shut,maybe
67,gag_dealer_shoe,dealer shoe,gag,with a photo,maybe
67,gag_ferret_hammock,ferret hammock,gag,never opened,maybe
67,gag_first_aid_antique,first aid antique,gag,never opened,maybe
67,gag_flippers,flippers,gag,zip-tied,maybe
67,gag_laser_pointer,laser pointer,gag,with a photo,maybe
67,gag_mortar_pharmacy,mortar pharmacy,gag,labeled FREE,maybe
67,gag_paint_by_numbers,paint by numbers,gag,labeled DO NOT SELL,maybe
67,gag_pastry_blender,pastry blender,gag,labeled FREE,maybe
67,gag_plasma_ball,plasma ball,gag,labeled MOM,maybe
67,gag_rackmount_empty,rackmount empty,gag,full of rice,maybe
67,gag_rat_trap,rat trap,gag,wrapped in newspaper,maybe
67,gag_sea_chest,sea chest,gag,wrapped in newspaper,maybe
67,gag_sextant,sextant,gag,in a trash bag,maybe
67,gag_shark_tooth_jar,shark tooth jar,gag,with a receipt,maybe
67,gag_step_stool_kids,step stool kids,gag,full of coins,maybe
67,gag_tray_table,tray table,gag,labeled DO NOT SELL,maybe
67,haunted_baseball_cards_shoe_box,baseball cards shoe box,haunted,with a note,maybe
67,haunted_bayonet_dull,bayonet dull,haunted,smelling of perfume,maybe
67,haunted_candy_thermometer,candy thermometer,haunted,labeled MOM,maybe
67,haunted_egg_cup_set,egg cup set,haunted,padlocked,maybe
67,haunted_kitchen_timer,kitchen timer,haunted,opened once,maybe
67,haunted_lawn_flamingo_pair,lawn flamingo pair,haunted,with instructions missing page 2,maybe
67,haunted_mood_light,mood light,haunted,full of sand,maybe
67,haunted_night_guard,night guard,haunted,full of sand,maybe
67,haunted_oxygen_bottle_prop,oxygen bottle prop,haunted,smelling of smoke,maybe
67,haunted_printer_carcass,printer carcass,haunted,in a trash bag,maybe
67,haunted_rabbit_hutch_door,rabbit hutch door,haunted,from a flood,maybe
67,haunted_sheet_music_binder,sheet music binder,haunted,smelling of perfume,maybe
67,haunted_skeleton_half,skeleton half,haunted,taped shut,maybe
67,haunted_teeter_board,teeter board,haunted,padlocked,maybe
67,haunted_umbrella_stroller,umbrella stroller,haunted,full of rice,maybe
67,lab_conga,conga,lab,welded shut,maybe
67,lab_gas_mask_toy,gas mask toy,lab,still beeping,maybe
67,lab_gps_tracker_pet,GPS tracker pet,lab,still beeping,maybe
67,lab_marquee_letter,marquee letter,lab,welded shut,maybe
67,lab_model_rocket,model rocket,lab,won at casino,maybe
67,lab_playpen,playpen,lab,full of glitter,maybe
67,lab_rain_gauge,rain gauge,lab,stolen then returned,maybe
67,lab_recipe_box,recipe box,lab,labeled EVIDENCE,maybe
67,lab_singing_bowl,singing bowl,lab,with a lawsuit,maybe
67,lab_spray_paint_crate,spray paint crate,lab,full of glitter,maybe
67,limited_abacus_kids,abacus kids,limited,smelling of fish,maybe
67,limited_agility_tunnel,agility tunnel,limited,in a sock,maybe
67,limited_gi_joe_footlocker,G.I. Joe footlocker,limited,still beeping,maybe
67,limited_gramophone,gramophone,limited,with a photo,maybe
67,limited_inhaler_spacer,inhaler spacer,limited,stolen then returned,maybe
67,limited_live_rock_dry,live rock dry,limited,labeled EVIDENCE,maybe
67,limited_marquee_letter,marquee letter,limited,smelling of fish,maybe
67,limited_spigot_key,spigot key,limited,from a raid,maybe
67,plastic_flask_engraved,flask engraved,plastic,stolen then returned,maybe
67,plastic_hand_mixer,hand mixer,plastic,with a lawsuit,maybe
67,plastic_microscope,microscope,plastic,welded shut,maybe
67,plastic_mouthguard_case,mouthguard case,plastic,from a raid,maybe
67,plastic_pallet_jack_toy,pallet jack toy,plastic,won at casino,maybe
67,plastic_pedicure_tub,pedicure tub,plastic,from a divorce,maybe
67,plastic_plaque_employee_month,plaque employee month,plastic,still beeping,maybe
67,plastic_playdough_dried,playdough dried,plastic,smelling of fish,maybe
67,plastic_shin_guards,shin guards,plastic,welded shut,maybe
67,plastic_top_hat_rabbit,top hat rabbit,plastic,from a raid,maybe
67,plastic_trombone_slide,trombone slide,plastic,full of glitter,maybe
67,rusty_baby_shoes_bronze,baby shoes bronze,rusty,still beeping,maybe
67,rusty_backdrop_roll,backdrop roll,rusty,with a lawsuit,maybe
67,rusty_game_boy,Game Boy,rusty,won at casino,maybe
67,rusty_light_meter,light meter,rusty,welded shut,maybe
67,rusty_mouthguard_sports,mouthguard sports,rusty,labeled EVIDENCE,maybe
67,rusty_sand_timer_giant,sand timer giant,rusty,still beeping,maybe
67,rusty_uv_nail_lamp,UV nail lamp,rusty,smelling of fish,yes
67,rusty_vhs_security_tapes,VHS security tapes,rusty,in a sock,maybe
67,school_addressograph,addressograph,school,stolen then returned,maybe
67,school_coral_frag_rack,coral frag rack,school,from a divorce,maybe
67,school_hand_puppets,hand puppets,school,welded shut,maybe
67,school_harness_dog,harness dog,school,from a divorce,maybe
67,school_incense_burner,incense burner,school,stolen then returned,maybe
67,school_mascot_head,mascot head,school,labeled MOM,maybe
67,school_mezuzah,mezuzah,school,welded shut,maybe
67,school_powder_puff,powder puff,school,smelling of fish,maybe
67,school_rc_helicopter,RC helicopter,school,in a sock,maybe
67,school_scrapbook_kit,scrapbook kit,school,full of glitter,maybe
67,signed_barf_bag_signed,barf bag signed,signed,with a lawsuit,maybe
67,signed_human_anatomy_model,human anatomy model,signed,with a lawsuit,maybe
67,signed_notary_stamp_fake,notary stamp fake,signed,in a sock,maybe
67,signed_ring_light,ring light,signed,won at casino,maybe
67,signed_ship_in_bottle,ship in bottle,signed,labeled FREE,maybe
67,signed_syquest_cartridge,SyQuest cartridge,signed,welded shut,maybe
67,signed_toothpick_dispenser,toothpick dispenser,signed,won at casino,maybe
67,signed_walkie_talkie,walkie-talkie,signed,still beeping,maybe
66,burnt_barbie_head_only,Barbie head only,burnt,from a divorce,maybe
66,burnt_beetle_pins,beetle pins,burnt,full of glitter,maybe
66,burnt_emf_meter_toy,EMF meter toy,burnt,with a lawsuit,maybe
66,burnt_gravel_vacuum,gravel vacuum,burnt,welded shut,maybe
66,burnt_kitchen_scale,kitchen scale,burnt,with a lawsuit,maybe
66,burnt_prank_call_book,prank call book,burnt,from a raid,maybe
66,dedicated_blood_pressure_cuff,blood pressure cuff,dedicated,still beeping,maybe
66,dedicated_bolt_cutters,bolt cutters,dedicated,stolen then returned,maybe
66,dedicated_cedar_chest,cedar chest,dedicated,welded shut,maybe
66,dedicated_easel_collapsible,easel collapsible,dedicated,still beeping,maybe
66,dedicated_hamster_wheel,hamster wheel,dedicated,full of glitter,maybe
66,dedicated_microscope,microscope,dedicated,smelling of fish,maybe
66,dedicated_mister_bottle,mister bottle,dedicated,full of glitter,maybe
66,dedicated_mousetrap_pack,mousetrap pack,dedicated,from a raid,maybe
66,dedicated_printer_carcass,printer carcass,dedicated,won at casino,maybe
66,evidence_backdrop_roll,backdrop roll,evidence,won at carnival,maybe
66,evidence_blanket_chest,blanket chest,evidence,never opened,maybe
66,evidence_bonsai_tools,bonsai tools,evidence,with mouse droppings,maybe
66,evidence_camera_bag_empty,camera bag empty,evidence,with the wrong remote,maybe
66,evidence_catio_panel,catio panel,evidence,with a dead battery,maybe
66,evidence_cpap_machine,CPAP machine,evidence,with instructions missing page 2,maybe
66,evidence_forklift_key,forklift key,evidence,with instructions missing page 2,maybe
66,evidence_glue_trap_unused,glue trap unused,evidence,zip-tied,maybe
66,evidence_iv_stand,IV stand,evidence,won at carnival,maybe
66,evidence_nintendo_power_glove,Nintendo Power Glove,evidence,labeled MOM,maybe
66,evidence_pet_stroller,pet stroller,evidence,labeled DO NOT SELL,maybe
66,evidence_pillow_form,pillow form,evidence,with a photo,maybe
66,evidence_row_machine,row machine,evidence,zip-tied,maybe
66,expired_conditioner_gallon,conditioner gallon,expired,labeled EVIDENCE,maybe
66,expired_eyepatch_silk,eyepatch silk,expired,full of glitter,maybe
66,expired_fish_mount,fish mount,expired,won at casino,maybe
66,expired_modeling_clay,modeling clay,expired,from a divorce,maybe
66,expired_mouthguard_sports,mouthguard sports,expired,stolen then returned,maybe
66,expired_smoke_alarm_chirp,smoke alarm chirp,expired,with a lawsuit,maybe
66,foreclosure_boutonniere_dried,boutonniere dried,foreclosure,won at casino,maybe
66,foreclosure_film_reel,film reel,foreclosure,still beeping,maybe
66,foreclosure_fog_machine,fog machine,foreclosure,smelling of fish,maybe
66,foreclosure_instant_pot_clone,instant pot clone,foreclosure,still beeping,maybe
66,foreclosure_propane_tank_empty,propane tank empty,foreclosure,smelling of fish,maybe
66,foreclosure_zip_drive,ZIP drive,foreclosure,full of glitter,maybe
66,gag_back_scrubber,back scrubber,gag,never opened,maybe
66,gag_badge_press,badge press,gag,full of sand,maybe
66,gag_bubble_bath_jug,bubble bath jug,gag,from a flood,maybe
66,gag_camping_stove,camping stove,gag,with mouse droppings,maybe
66,gag_dice_casino,dice casino,gag,taped shut,maybe
66,gag_egg_beater,egg beater,gag,with a note,maybe
66,gag_fish_food_tin,fish food tin,gag,smelling of perfume,maybe
66,gag_flash_bulb_box,flash bulb box,gag,labeled DO NOT SELL,maybe
66,gag_magic_cards_bulk,Magic cards bulk,gag,full of sand,maybe
66,gag_military_uniform,military uniform,gag,with no power cord,maybe
66,gag_nightstick_foam,nightstick foam,gag,glued shut,maybe
66,gag_plate_divider_kids,plate divider kids,gag,with a dead battery,maybe
66,gag_spinning_wheel,spinning wheel,gag,with no power cord,maybe
66,haunted_blanket_security,blanket security,haunted,with mouse droppings,maybe
66,haunted_cleats_muddy,cleats muddy,haunted,full of sand,maybe
66,haunted_decanter,decanter,haunted,smelling of perfume,maybe
66,haunted_flask_engraved,flask engraved,haunted,labeled MOM,maybe
66,haunted_gag_teeth,gag teeth,haunted,wrapped in newspaper,maybe
66,haunted_honey_extractor_toy,honey extractor toy,haunted,from a flood,maybe
66,haunted_life_vest,life vest,haunted,from a flood,maybe
66,haunted_medal_box,medal box,haunted,wrapped in newspaper,maybe
66,haunted_newton_cradle,newton cradle,haunted,with a receipt,maybe
66,haunted_piñata_empty,piñata empty,haunted,from a flood,maybe
66,haunted_scout_sash,scout sash,haunted,in a trash bag,maybe
66,haunted_scuba_mask,scuba mask,haunted,smelling of smoke,maybe
66,haunted_slime_jar,slime jar,haunted,with a note,maybe
66,haunted_sock_puppet_kit,sock puppet kit,haunted,won at carnival,maybe
66,haunted_tea_tin_set,tea tin set,haunted,opened once,maybe
66,haunted_thigh_master,thigh master,haunted,in a trash bag,maybe
66,haunted_treasure_map_fake,treasure map fake,haunted,padlocked,maybe
66,lab_acrylic_set,acrylic set,lab,in a sock,maybe
66,lab_action_cam_cracked,action cam cracked,lab,still beeping,maybe
66,lab_car_battery,car battery,lab,smelling of fish,maybe
66,lab_midi_keyboard,MIDI keyboard,lab,from a raid,maybe
66,lab_muffin_tin,muffin tin,lab,in a sock,maybe
66,lab_shape_sorter,shape sorter,lab,in a sock,maybe
66,lab_step_stool_kids,step stool kids,lab,in a sock,maybe
66,lab_tambourine,tambourine,lab,from a raid,maybe
66,lab_terrarium,terrarium,lab,welded shut,maybe
66,lab_whoopee_cushion_pack,whoopee cushion pack,lab,with instructions missing page 2,maybe
66,limited_band_jacket,band jacket,limited,still beeping,maybe
66,limited_compass_brass,compass brass,limited,with a lawsuit,maybe
66,limited_dealer_shoe,dealer shoe,limited,full of glitter,maybe
66,limited_dip_pen_set,dip pen set,limited,from a divorce,maybe
66,limited_fabric_shaver,fabric shaver,limited,from a raid,maybe
66,limited_garden_gnome_army,garden gnome army,limited,from a divorce,maybe
66,limited_terrarium,terrarium,limited,smelling of fish,maybe
66,limited_tray_table,tray table,limited,won at casino,maybe
66,limited_vaporizer_antique,vaporizer antique,limited,from a raid,maybe
66,plastic_addressograph,addressograph,plastic,labeled EVIDENCE,maybe
66,plastic_banjo,banjo,plastic,in a sock,maybe
66,plastic_bib_stack,bib stack,plastic,smelling of fish,maybe
66,plastic_chiller_unit,chiller unit,plastic,still beeping,maybe
66,plastic_fondue_set,fondue set,plastic,full of glitter,maybe
66,plastic_foot_spa,foot spa,plastic,from a divorce,maybe
66,plastic_ouija_board,ouija board,plastic,smelling of smoke,maybe
66,plastic_pottery_wheel,pottery wheel,plastic,full of glitter,maybe
66,plastic_t_square,T-square,plastic,full of glitter,maybe
66,plastic_veil_boxed,veil boxed,plastic,in a sock,maybe
66,plastic_whoopee_cushion_pack,whoopee cushion pack,plastic,with a receipt,maybe
66,rusty_afghan_granny,afghan granny,rusty,stolen then returned,maybe
66,rusty_airline_sick_bag,airline sick bag,rusty,stolen then returned,maybe
66,rusty_cabinet_speaker,cabinet speaker,rusty,from a divorce,maybe
66,rusty_dentist_chair_lamp,dentist chair lamp,rusty,welded shut,yes
66,rusty_humidifier_fish,humidifier fish,rusty,stolen then returned,maybe
66,rusty_intercom_handset,intercom handset,rusty,with a lawsuit,maybe
66,rusty_menorah,menorah,rusty,with a lawsuit,maybe
66,rusty_ratchet_strap_pack,ratchet strap pack,rusty,labeled EVIDENCE,maybe
66,rusty_rubber_chicken,rubber chicken,rusty,full of rice,maybe
66,rusty_scout_sash,scout sash,rusty,labeled EVIDENCE,maybe
66,school_bulb_mesh_bag,bulb mesh bag,school,smelling of fish,maybe
66,school_overhead_projector,overhead projector,school,from a raid,maybe
66,school_pipe_rack,pipe rack,school,won at casino,maybe
66,school_x_ray_specs,x-ray specs,school,from a divorce,maybe
66,signed_accordion,accordion,signed,full of coins,maybe
66,signed_dvr_dusty,DVR dusty,signed,full of glitter,maybe
66,signed_laserdisc,LaserDisc,signed,with a lawsuit,maybe
66,signed_lava_lamp,lava lamp,signed,taped shut,yes
66,signed_ouija_planchette,ouija planchette,signed,still beeping,maybe
66,signed_playdough_dried,playdough dried,signed,welded shut,maybe
66,signed_slime_jar,slime jar,signed,from a raid,maybe
66,signed_starch_spray,starch spray,signed,in a sock,maybe
66,signed_t_square,T-square,signed,won at casino,maybe
66,signed_triangle_music,triangle music,signed,from a divorce,maybe
66,signed_wine_barrel_bung,wine barrel bung,signed,won at casino,maybe
65,burnt_blanket_chest,blanket chest,burnt,from a divorce,maybe
65,burnt_fax_machine,fax machine,burnt,stolen then returned,maybe
65,burnt_jumper_cables,jumper cables,burnt,from a raid,maybe
65,burnt_ribbon_blue,ribbon blue,burnt,from a raid,maybe
65,burnt_scanner_flatbed,scanner flatbed,burnt,smelling of fish,maybe
65,burnt_tow_strap,tow strap,burnt,from a divorce,maybe
65,burnt_uv_sterilizer,UV sterilizer,burnt,from a raid,maybe
65,dedicated_banjo,banjo,dedicated,from a divorce,maybe
65,dedicated_bottle_brush_set,bottle brush set,dedicated,from a divorce,maybe
65,dedicated_brooder_lamp,brooder lamp,dedicated,labeled EVIDENCE,yes
65,dedicated_bug_zapper,bug zapper,dedicated,stolen then returned,maybe
65,dedicated_copy_machine_panel,copy machine panel,dedicated,from a divorce,maybe
65,dedicated_denture_adhesive,denture adhesive,dedicated,welded shut,maybe
65,dedicated_pruning_shears,pruning shears,dedicated,with a lawsuit,maybe
65,dedicated_tongue_scraper,tongue scraper,dedicated,stolen then returned,maybe
65,dedicated_x_ray_specs,x-ray specs,dedicated,in a sock,maybe
65,evidence_bumper_sticker_sheet,bumper sticker sheet,evidence,zip-tied,maybe
65,evidence_canvas_failed,canvas failed,evidence,labeled MOM,maybe
65,evidence_coffee_maker,coffee maker,evidence,smelling of smoke,maybe
65,evidence_conductor_baton,conductor baton,evidence,smelling of smoke,maybe
65,evidence_disco_ball_mini,disco ball mini,evidence,full of coins,maybe
65,evidence_evp_recorder,EVP recorder,evidence,from a flood,maybe
65,evidence_extension_cord_nest,extension cord nest,evidence,won at carnival,maybe
65,evidence_fish_mount,fish mount,evidence,with a photo,maybe
65,evidence_floss_dispenser,floss dispenser,evidence,opened once,maybe
65,evidence_hand_truck,hand truck,evidence,full of coins,maybe
65,evidence_hat_box_tower,hat box tower,evidence,opened once,maybe
65,evidence_ir_thermometer,IR thermometer,evidence,labeled DO NOT SELL,maybe
65,evidence_peak_flow_meter,peak flow meter,evidence,labeled FREE,maybe
65,evidence_pumice_stone,pumice stone,evidence,labeled FREE,maybe
65,evidence_rooting_hormone,rooting hormone,evidence,full of coins,maybe
65,evidence_shaving_brush,shaving brush,evidence,opened once,maybe
65,expired_customs_form_pad,customs form pad,expired,from a divorce,maybe
65,expired_flippers,flippers,expired,with a lawsuit,maybe
65,expired_grow_light,grow light,expired,labeled EVIDENCE,maybe
65,expired_life_ring,life ring,expired,with a lawsuit,maybe
65,expired_mask_hockey,mask hockey,expired,in a sock,maybe
65,expired_peak_flow_meter,peak flow meter,expired,with a lawsuit,maybe
65,expired_pillow_form,pillow form,expired,won at casino,maybe
65,expired_protractor_set,protractor set,expired,smelling of fish,maybe
65,expired_punch_card_rack,punch card rack,expired,with a lawsuit,maybe
65,expired_thigh_master,thigh master,expired,stolen then returned,maybe
65,foreclosure_baby_food_jars,baby food jars,foreclosure,with a lawsuit,maybe
65,foreclosure_coffee_grinder,coffee grinder,foreclosure,won at casino,maybe
65,foreclosure_die_cut_machine,die cut machine,foreclosure,welded shut,maybe
65,foreclosure_heating_pad,heating pad,foreclosure,full of glitter,maybe
65,foreclosure_mandolin,mandolin,foreclosure,won at casino,maybe
65,foreclosure_pastry_blender,pastry blender,foreclosure,still beeping,maybe
65,foreclosure_shake_weight,shake weight,foreclosure,in a sock,maybe
65,foreclosure_stopwatch,stopwatch,foreclosure,welded shut,maybe
65,gag_bonsai_tools,bonsai tools,gag,labeled MOM,maybe
65,gag_button_tin,button tin,gag,labeled DO NOT SELL,maybe
65,gag_coolers_full_of_sand,coolers full of sand,gag,taped shut,maybe
65,gag_do_not_disturb_sign,do not disturb sign,gag,full of coins,maybe
65,gag_exercise_bike,exercise bike,gag,wrapped in newspaper,maybe
65,gag_floss_dispenser,floss dispenser,gag,with the wrong remote,maybe
65,gag_foam_finger,foam finger,gag,full of sand,maybe
65,gag_fondant_kit,fondant kit,gag,glued shut,maybe
65,gag_forehead_thermometer,forehead thermometer,gag,from a flood,maybe
65,gag_furniture_dolly,furniture dolly,gag,smelling of perfume,maybe
65,gag_guinea_pig_castle,guinea pig castle,gag,zip-tied,maybe
65,gag_hamster_ball,hamster ball,gag,from a fire sale,maybe
65,gag_helmet,helmet,gag,taped shut,maybe
65,gag_hydroponics_tray,hydroponics tray,gag,with the wrong remote,maybe
65,gag_inner_tube,inner tube,gag,never opened,maybe
65,gag_mask_venetian,mask Venetian,gag,smelling of perfume,maybe
65,gag_meditation_cushion,meditation cushion,gag,full of sand,maybe
65,gag_midi_keyboard,MIDI keyboard,gag,taped shut,maybe
65,gag_moose_plaque,moose plaque,gag,with a dead battery,maybe
65,gag_pulse_oximeter,pulse oximeter,gag,never opened,maybe
65,gag_quilt_frame,quilt frame,gag,full of sand,maybe
65,gag_scanner_flatbed,scanner flatbed,gag,with a receipt,maybe
65,gag_shake_weight,shake weight,gag,with no power cord,maybe
65,gag_sleeve_board,sleeve board,gag,full of sand,maybe
65,gag_snake_skin_shed,snake skin shed,gag,smelling of smoke,maybe
65,gag_stopwatch,stopwatch,gag,with a receipt,maybe
65,gag_toilet_seat_gold,toilet seat gold,gag,padlocked,maybe
65,gag_vaporizer_antique,vaporizer antique,gag,smelling of smoke,maybe
65,gag_walkman,Walkman,gag,labeled DO NOT SELL,maybe
65,haunted_air_fryer,air fryer,haunted,with the wrong remote,maybe
65,haunted_ammo_crate_wood,ammo crate wood,haunted,glued shut,maybe
65,haunted_blood_pressure_cuff,blood pressure cuff,haunted,labeled FREE,maybe
65,haunted_circular_saw,circular saw,haunted,glued shut,maybe
65,haunted_clown_nose_jar,clown nose jar,haunted,labeled DO NOT SELL,maybe
65,haunted_creamer_cow,creamer cow,haunted,taped shut,maybe
65,haunted_ink_well,ink well,haunted,with a photo,maybe
65,haunted_mouthpiece,mouthpiece,haunted,never opened,maybe
65,haunted_powder_puff,powder puff,haunted,with a receipt,maybe
65,haunted_selfie_stick,selfie stick,haunted,never opened,maybe
65,haunted_shower_caddy,shower caddy,haunted,labeled FREE,maybe
65,haunted_spice_rack_full,spice rack full,haunted,smelling of perfume,maybe
65,haunted_ukulele,ukulele,haunted,smelling of perfume,maybe
65,haunted_violin_case_empty,violin case empty,haunted,labeled MOM,maybe
65,haunted_yoga_block,yoga block,haunted,with a dead battery,maybe
65,lab_accordion,accordion,lab,with a dead battery,maybe
65,lab_beetle_pins,beetle pins,lab,labeled EVIDENCE,maybe
65,lab_chalkboard_easel,chalkboard easel,lab,with a lawsuit,maybe
65,lab_night_light_moon,night light moon,lab,stolen then returned,maybe
65,lab_slide_projector,slide projector,lab,won at casino,maybe
65,limited_abacus,abacus,limited,in a sock,maybe
65,limited_acrylic_set,acrylic set,limited,from a divorce,maybe
65,limited_button_tin,button tin,limited,won at casino,maybe
65,limited_poker_table_felt,poker table felt,limited,with a lawsuit,maybe
65,limited_toilet_auger,toilet auger,limited,welded shut,maybe
65,limited_tower_fan,tower fan,limited,won at casino,maybe
65,plastic_boar_tusk,boar tusk,plastic,smelling of fish,maybe
65,plastic_cookbook_stained,cookbook stained,plastic,in a sock,maybe
65,plastic_fish_food_tin,fish food tin,plastic,welded shut,maybe
65,plastic_harmonica_chrome,harmonica chrome,plastic,welded shut,maybe
65,plastic_mask_venetian,mask Venetian,plastic,welded shut,maybe
65,plastic_retainer_case,retainer case,plastic,from a raid,maybe
65,plastic_rubber_chicken,rubber chicken,plastic,in a trash bag,maybe
65,plastic_speed_bag,speed bag,plastic,stolen then returned,maybe
65,plastic_sweater_stone,sweater stone,plastic,smelling of fish,maybe
65,plastic_syquest_cartridge,SyQuest cartridge,plastic,smelling of fish,maybe
65,plastic_white_noise_machine,white noise machine,plastic,won at casino,maybe
65,rusty_bongo_pair,bongo pair,rusty,won at casino,maybe
65,rusty_cookie_cutter_tin,cookie cutter tin,rusty,from a divorce,maybe
65,rusty_cutlass_foam,cutlass foam,rusty,from a divorce,maybe
65,rusty_dot_matrix,dot matrix,rusty,still beeping,maybe
65,rusty_drop_spindle,drop spindle,rusty,labeled EVIDENCE,maybe
65,rusty_paint_set_oils,paint set oils,rusty,welded shut,maybe
65,rusty_thread_rack,thread rack,rusty,in a sock,maybe
65,rusty_ups_battery,UPS battery,rusty,full of glitter,maybe
65,rusty_waffle_iron,waffle iron,rusty,taped shut,maybe
65,rusty_weather_house,weather house,rusty,from a raid,maybe
65,school_dominoes_bone,dominoes bone,school,still beeping,maybe
65,school_felt_board,felt board,school,in a sock,maybe
65,school_incense_skull,incense skull,school,won at casino,maybe
65,school_player_piano_roll,player piano roll,school,welded shut,maybe
65,school_poker_chip_rack,poker chip rack,school,from a raid,maybe
65,school_stencil_pack,stencil pack,school,in a sock,maybe
65,school_toothbrush_travel,toothbrush travel,school,from a divorce,maybe
65,signed_beer_growler,beer growler,signed,welded shut,maybe
65,signed_captain_hat,captain hat,signed,from a divorce,maybe
65,signed_choir_robe,choir robe,signed,still beeping,maybe
65,signed_security_camera_dummy,security camera dummy,signed,smelling of fish,maybe
65,signed_tire_iron,tire iron,signed,labeled EVIDENCE,maybe
65,signed_tower_fan,tower fan,signed,full of glitter,maybe
65,signed_turtle_shell,turtle shell,signed,won at casino,maybe
64,burnt_alarm_keypad,alarm keypad,burnt,still beeping,maybe
64,burnt_fax_toner,fax toner,burnt,from a divorce,maybe
64,burnt_floss_dispenser,floss dispenser,burnt,from a raid,maybe
64,burnt_hydroponics_tray,hydroponics tray,burnt,from a raid,maybe
64,burnt_perfume_atomizer,perfume atomizer,burnt,won at casino,maybe
64,burnt_rackmount_empty,rackmount empty,burnt,stolen then returned,maybe
64,burnt_roulette_wheel_toy,roulette wheel toy,burnt,stolen then returned,maybe
64,burnt_shark_tooth_jar,shark tooth jar,burnt,smelling of fish,maybe
64,burnt_snake_hook,snake hook,burnt,stolen then returned,maybe
64,dedicated_calligraphy_set,calligraphy set,dedicated,from a raid,maybe
64,dedicated_cookbook_stained,cookbook stained,dedicated,from a divorce,maybe
64,dedicated_hot_water_bottle,hot water bottle,dedicated,labeled EVIDENCE,maybe
64,dedicated_sandcastle_mold,sandcastle mold,dedicated,labeled EVIDENCE,maybe
64,dedicated_shin_guards,shin guards,dedicated,smelling of fish,maybe
64,dedicated_trailer_hitch_ball,trailer hitch ball,dedicated,welded shut,maybe
64,dedicated_walker_wheels,walker wheels,dedicated,labeled EVIDENCE,maybe
64,dedicated_white_noise_machine,white noise machine,dedicated,full of glitter,maybe
64,expired_breast_pump,breast pump,expired,from a divorce,maybe
64,expired_disco_ball_mini,disco ball mini,expired,in a sock,maybe
64,expired_key_cabinet,key cabinet,expired,labeled EVIDENCE,maybe
64,expired_lint_roller_pack,lint roller pack,expired,won at casino,maybe
64,expired_manga_stack,manga stack,expired,won at casino,maybe
64,expired_rooting_hormone,rooting hormone,expired,in a sock,maybe
64,expired_ventriloquist_dummy,ventriloquist dummy,expired,with mouse droppings,maybe
64,expired_waffle_iron,waffle iron,expired,with the wrong remote,maybe
64,expired_zip_drive,ZIP drive,expired,won at casino,maybe
64,foreclosure_car_seat_pet,car seat pet,foreclosure,from a divorce,maybe
64,foreclosure_denture_cup,denture cup,foreclosure,with a photo,maybe
64,foreclosure_flea_bomb_empty,flea bomb empty,foreclosure,in a sock,maybe
64,foreclosure_humidity_tray,humidity tray,foreclosure,smelling of fish,maybe
64,foreclosure_mask_hockey,mask hockey,foreclosure,from a divorce,maybe
64,foreclosure_powder_horn,powder horn,foreclosure,still beeping,maybe
64,foreclosure_rooting_hormone,rooting hormone,foreclosure,from a divorce,maybe
64,foreclosure_soaker_hose,soaker hose,foreclosure,smelling of fish,maybe
64,foreclosure_softbox_stand,softbox stand,foreclosure,labeled EVIDENCE,maybe
64,foreclosure_walker_banned,walker banned,foreclosure,stolen then returned,maybe
64,foreclosure_wine_thief,wine thief,foreclosure,won at casino,maybe
64,lab_helmet,helmet,lab,from a raid,maybe
64,lab_instant_pot_clone,instant pot clone,lab,with a lawsuit,maybe
64,lab_laser_pointer,laser pointer,lab,won at casino,maybe
64,lab_teething_ring,teething ring,lab,stolen then returned,maybe
64,lab_wind_chime,wind chime,lab,welded shut,maybe
64,lab_wine_thief,wine thief,lab,labeled EVIDENCE,maybe
64,lab_xylophone_kids,xylophone kids,lab,with a lawsuit,maybe
64,limited_amp_head,amp head,limited,smelling of fish,maybe
64,limited_steel_drum,steel drum,limited,full of glitter,maybe
64,plastic_binoculars,binoculars,plastic,welded shut,maybe
64,plastic_elbow_pads,elbow pads,plastic,with a lawsuit,maybe
64,plastic_nail_kit,nail kit,plastic,won at casino,maybe
64,plastic_umbrella_stroller,umbrella stroller,plastic,labeled EVIDENCE,maybe
64,plastic_visa_stamp_toy,visa stamp toy,plastic,smelling of fish,maybe
64,plastic_warehouse_clipboard,warehouse clipboard,plastic,from a divorce,maybe
64,rusty_busy_board,busy board,rusty,won at casino,maybe
64,rusty_espresso_portafilter,espresso portafilter,rusty,still beeping,maybe
64,rusty_glaze_bottles,glaze bottles,rusty,from a raid,maybe
64,rusty_lens_dusty,lens dusty,rusty,in a sock,maybe
64,rusty_putter_novelty,putter novelty,rusty,stolen then returned,maybe
64,rusty_rubber_duck_army,rubber duck army,rusty,in a sock,maybe
64,school_barometer,barometer,school,labeled EVIDENCE,maybe
64,school_betamax_stack,Betamax stack,school,labeled EVIDENCE,maybe
64,school_cowbell,cowbell,school,still beeping,maybe
64,school_cross_stitch_kit,cross stitch kit,school,in a sock,maybe
64,school_denture_adhesive,denture adhesive,school,smelling of fish,maybe
64,school_nintendo_power_glove,Nintendo Power Glove,school,stolen then returned,maybe
64,school_pill_bottle_empty,pill bottle empty,school,stolen then returned,maybe
64,school_prom_dress_bag,prom dress bag,school,smelling of fish,maybe
64,school_scout_sash,scout sash,school,full of glitter,maybe
64,school_steel_drum,steel drum,school,stolen then returned,maybe
64,signed_agility_tunnel,agility tunnel,signed,from a divorce,maybe
64,signed_backing_fabric,backing fabric,signed,in a sock,maybe
64,signed_bib_stack,bib stack,signed,welded shut,maybe
64,signed_bottle_warmer,bottle warmer,signed,welded shut,maybe
64,signed_crutches_pair,crutches pair,signed,smelling of fish,maybe
64,signed_doily_stack,doily stack,signed,with a lawsuit,maybe
64,signed_pedicure_tub,pedicure tub,signed,in a sock,maybe
64,signed_sweater_stone,sweater stone,signed,welded shut,maybe
64,signed_treasure_map_fake,treasure map fake,signed,smelling of fish,maybe
63,burnt_bumper_sticker_sheet,bumper sticker sheet,burnt,won at casino,maybe
63,burnt_diploma_blank,diploma blank,burnt,welded shut,maybe
63,burnt_lawn_dart_banned,lawn dart banned,burnt,still beeping,maybe
63,burnt_locksmith_picks_set,locksmith picks set,burnt,from a raid,maybe
63,burnt_mahjong_set,mahjong set,burnt,labeled EVIDENCE,maybe
63,burnt_mres_expired,MREs expired,burnt,welded shut,maybe
63,burnt_napkin_rings,napkin rings,burnt,still beeping,maybe
63,burnt_rotary_phone,rotary phone,burnt,in a sock,maybe
63,burnt_rune_stones,rune stones,burnt,in a sock,maybe
63,dedicated_binoculars,binoculars,dedicated,smelling of fish,maybe
63,dedicated_bullet_belt_dummy,bullet belt dummy,dedicated,smelling of fish,maybe
63,dedicated_night_guard,night guard,dedicated,with a lawsuit,maybe
63,dedicated_ouija_board,ouija board,dedicated,taped shut,maybe
63,dedicated_pogo_stick,pogo stick,dedicated,stolen then returned,maybe
63,dedicated_spinner_fidget_giant,spinner fidget giant,dedicated,from a divorce,maybe
63,dedicated_toy_chest,toy chest,dedicated,won at casino,maybe
63,dedicated_trampoline_mini,trampoline mini,dedicated,from a raid,maybe
63,dedicated_whistle_referee,whistle referee,dedicated,won at casino,maybe
63,expired_eyelash_curler,eyelash curler,expired,from a raid,maybe
63,expired_fleece_raw,fleece raw,expired,from a raid,maybe
63,expired_forklift_key,forklift key,expired,welded shut,maybe
63,expired_scratching_post,scratching post,expired,labeled EVIDENCE,maybe
63,expired_spyglass_brass,spyglass brass,expired,smelling of perfume,yes
63,foreclosure_bedpan,bedpan,foreclosure,from a fire sale,maybe
63,foreclosure_fondant_kit,fondant kit,foreclosure,from a raid,maybe
63,foreclosure_geode_half,geode half,foreclosure,in a sock,maybe
63,foreclosure_gramophone,gramophone,foreclosure,won at carnival,maybe
63,foreclosure_manicure_set,manicure set,foreclosure,smelling of fish,maybe
63,foreclosure_spice_rack_full,spice rack full,foreclosure,welded shut,maybe
63,foreclosure_time_clock,time clock,foreclosure,full of glitter,maybe
63,lab_blacklight,blacklight,lab,from a divorce,maybe
63,lab_denture_cup,denture cup,lab,in a trash bag,maybe
63,lab_dice_casino,dice casino,lab,from a raid,maybe
63,lab_dress_form,dress form,lab,smelling of fish,maybe
63,lab_gramophone,gramophone,lab,labeled DO NOT SELL,maybe
63,lab_hamster_ball,hamster ball,lab,still beeping,maybe
63,lab_latch_hook_kit,latch hook kit,lab,full of glitter,maybe
63,lab_palette_knife_set,palette knife set,lab,with a lawsuit,maybe
63,lab_stink_bomb_pack,stink bomb pack,lab,from a divorce,maybe
63,limited_beach_umbrella,beach umbrella,limited,welded shut,maybe
63,limited_bread_machine,bread machine,limited,smelling of fish,maybe
63,limited_bubble_bath_jug,bubble bath jug,limited,welded shut,maybe
63,limited_callus_grater,callus grater,limited,stolen then returned,maybe
63,limited_conga,conga,limited,smelling of fish,maybe
63,limited_glucose_meter,glucose meter,limited,from a raid,maybe
63,limited_scrapbook_wedding,scrapbook wedding,limited,from a raid,maybe
63,limited_shape_sorter,shape sorter,limited,from a divorce,maybe
63,limited_step_stool_kids,step stool kids,limited,from a divorce,maybe
63,limited_walkman,Walkman,limited,won at casino,maybe
63,plastic_butterfly_case,butterfly case,plastic,in a sock,maybe
63,plastic_flute_school,flute school,plastic,with a lawsuit,maybe
63,plastic_muzzle_soft,muzzle soft,plastic,stolen then returned,maybe
63,plastic_pa_speaker,PA speaker,plastic,labeled EVIDENCE,maybe
63,plastic_rolling_pin,rolling pin,plastic,labeled EVIDENCE,maybe
63,plastic_seltzer_bottle,seltzer bottle,plastic,with a lawsuit,maybe
63,plastic_straight_razor,straight razor,plastic,still beeping,maybe
63,rusty_betamax_stack,Betamax stack,rusty,stolen then returned,maybe
63,rusty_box_fan,box fan,rusty,in a sock,maybe
63,rusty_jukebox,jukebox,rusty,from a divorce,maybe
63,rusty_key_cabinet,key cabinet,rusty,full of glitter,maybe
63,rusty_lipstick_bullet,lipstick bullet,rusty,labeled EVIDENCE,maybe
63,rusty_luggage_strap,luggage strap,rusty,with a lawsuit,maybe
63,rusty_pipe_wrench,pipe wrench,rusty,stolen then returned,maybe
63,rusty_watercolor_tin,watercolor tin,rusty,won at casino,maybe
63,school_ab_roller,ab roller,school,smelling of fish,maybe
63,school_photo_album_mold,photo album mold,school,labeled EVIDENCE,maybe
63,school_rosary,rosary,school,in a sock,maybe
63,school_thermos_giant,thermos giant,school,still beeping,maybe
63,signed_abacus,abacus,signed,from a divorce,maybe
63,signed_alarm_clock_windup,alarm clock windup,signed,from a raid,maybe
63,signed_blender,blender,signed,still beeping,maybe
63,signed_boar_tusk,boar tusk,signed,welded shut,maybe
63,signed_swing_cradle,swing cradle,signed,still beeping,maybe
63,signed_trombone_slide,trombone slide,signed,won at casino,maybe
63,signed_walker_wheels,walker wheels,signed,full of glitter,maybe
62,burnt_accordion,accordion,burnt,wrapped in newspaper,maybe
62,burnt_bath_pillow,bath pillow,burnt,still beeping,maybe
62,burnt_eyepatch_silk,eyepatch silk,burnt,labeled EVIDENCE,maybe
62,burnt_formula_can_empty,formula can empty,burnt,full of glitter,maybe
62,burnt_gloves_boxing,gloves boxing,burnt,with a lawsuit,maybe
62,burnt_hand_buzzer,hand buzzer,burnt,still beeping,maybe
62,burnt_ir_thermometer,IR thermometer,burnt,full of glitter,maybe
62,burnt_megaphone,megaphone,burnt,never opened,maybe
62,burnt_paper_fortune,paper fortune,burnt,smelling of fish,maybe
62,burnt_recipe_box,recipe box,burnt,full of glitter,maybe
62,burnt_row_machine,row machine,burnt,won at casino,maybe
62,burnt_rubber_stamp_set,rubber stamp set,burnt,labeled EVIDENCE,maybe
62,burnt_spinning_wheel,spinning wheel,burnt,from a divorce,maybe
62,dedicated_blotter_pad,blotter pad,dedicated,still beeping,maybe
62,dedicated_closet_flange,closet flange,dedicated,labeled EVIDENCE,maybe
62,dedicated_fossil_ammonite,fossil ammonite,dedicated,won at casino,maybe
62,dedicated_latch_hook_kit,latch hook kit,dedicated,stolen then returned,maybe
62,dedicated_lathe_mini,lathe mini,dedicated,welded shut,maybe
62,dedicated_marionette,marionette,dedicated,from a raid,maybe
62,dedicated_medal_box,medal box,dedicated,stolen then returned,maybe
62,dedicated_tower_fan,tower fan,dedicated,labeled EVIDENCE,maybe
62,dedicated_wind_chime,wind chime,dedicated,still beeping,maybe
62,expired_desk_bell,desk bell,expired,full of glitter,maybe
62,expired_furniture_dolly,furniture dolly,expired,from a raid,maybe
62,expired_hamper_laundry,hamper laundry,expired,from a raid,maybe
62,expired_model_train_set,model train set,expired,still beeping,maybe
62,expired_onesie_mystery,onesie mystery,expired,from a divorce,maybe
62,expired_party_popper_crate,party popper crate,expired,with a lawsuit,maybe
62,expired_stadium_seat,stadium seat,expired,welded shut,maybe
62,expired_test_tube_rack,test tube rack,expired,still beeping,maybe
62,foreclosure_bodycam_fake,bodycam fake,foreclosure,from a divorce,maybe
62,foreclosure_centrifuge_toy,centrifuge toy,foreclosure,stolen then returned,maybe
62,foreclosure_coffee_maker,coffee maker,foreclosure,from a raid,maybe
62,foreclosure_decanter,decanter,foreclosure,welded shut,maybe
62,foreclosure_game_boy,Game Boy,foreclosure,labeled EVIDENCE,maybe
62,foreclosure_garter,garter,foreclosure,welded shut,maybe
62,foreclosure_guest_book,guest book,foreclosure,from a raid,maybe
62,foreclosure_pillow_form,pillow form,foreclosure,full of glitter,maybe
62,lab_arrow_through_head,arrow through head,lab,won at carnival,maybe
62,lab_boutonniere_dried,boutonniere dried,lab,labeled EVIDENCE,maybe
62,lab_camping_stove,camping stove,lab,stolen then returned,maybe
62,lab_coolers_full_of_sand,coolers full of sand,lab,from a raid,maybe
62,lab_dip_pen_set,dip pen set,lab,in a sock,maybe
62,lab_garage_opener,garage opener,lab,from a divorce,maybe
62,lab_juggling_clubs,juggling clubs,lab,smelling of fish,maybe
62,lab_master_key_blank,master key blank,lab,smelling of fish,maybe
62,lab_oil_lamp_glass,oil lamp glass,lab,with the wrong remote,yes
62,lab_popcorn_machine,popcorn machine,lab,in a sock,maybe
62,lab_trophy_bowling,trophy bowling,lab,from a divorce,maybe
62,lab_zune,Zune,lab,in a sock,maybe
62,limited_bath_thermometer,bath thermometer,limited,won at casino,maybe
62,limited_coaster_cork,coaster cork,limited,won at casino,maybe
62,limited_globe_stand,globe stand,limited,in a sock,yes
62,limited_kong_dirty,kong dirty,limited,with a lawsuit,maybe
62,limited_name_tag_maker,name tag maker,limited,from a raid,maybe
62,limited_otoscope,otoscope,limited,from a divorce,maybe
62,limited_pa_speaker,PA speaker,limited,full of glitter,maybe
62,limited_shot_glass_set,shot glass set,limited,zip-tied,yes
62,limited_slide_projector,slide projector,limited,full of glitter,maybe
62,limited_springform,springform,limited,smelling of fish,maybe
62,plastic_jersey_framed,jersey framed,plastic,from a divorce,maybe
62,plastic_magic_lantern,magic lantern,plastic,with a lawsuit,maybe
62,plastic_mantel_clock,mantel clock,plastic,with a lawsuit,maybe
62,plastic_master_key_blank,master key blank,plastic,still beeping,maybe
62,plastic_plant_grow_tent,plant grow tent,plastic,still beeping,maybe
62,plastic_salt_pepper_set,salt pepper set,plastic,with a lawsuit,maybe
62,plastic_ship_clock,ship clock,plastic,smelling of fish,maybe
62,plastic_strobe_light,strobe light,plastic,won at casino,maybe
62,plastic_thermal_camera_toy,thermal camera toy,plastic,welded shut,maybe
62,rusty_fever_strip,fever strip,rusty,in a sock,maybe
62,rusty_harmonica,harmonica,rusty,zip-tied,maybe
62,rusty_index_cards_recipes,index cards recipes,rusty,still beeping,maybe
62,rusty_pattern_envelope,pattern envelope,rusty,with a lawsuit,maybe
62,rusty_razor_safety,razor safety,rusty,full of glitter,maybe
62,rusty_typewriter_ribbon,typewriter ribbon,rusty,from a divorce,maybe
62,school_action_figure_mint,action figure mint,school,with a lawsuit,maybe
62,school_airline_sick_bag,airline sick bag,school,labeled EVIDENCE,maybe
62,school_church_hymnal,church hymnal,school,won at casino,maybe
62,school_glockenspiel,glockenspiel,school,from a raid,maybe
62,school_rubber_chicken,rubber chicken,school,with mouse droppings,maybe
62,school_test_tube_rack,test tube rack,school,welded shut,maybe
62,school_trailer_hitch_ball,trailer hitch ball,school,smelling of fish,maybe
62,school_treasure_map_fake,treasure map fake,school,still beeping,maybe
62,signed_arrow_through_head,arrow through head,signed,zip-tied,maybe
62,signed_barometer,barometer,signed,won at casino,maybe
62,signed_comic_longbox,comic longbox,signed,in a sock,maybe
62,signed_floppy_box,floppy box,signed,in a sock,maybe
62,signed_hot_water_bottle,hot water bottle,signed,full of glitter,maybe
62,signed_model_airplane,model airplane,signed,labeled EVIDENCE,maybe
62,signed_plunger_deluxe,plunger deluxe,signed,with a lawsuit,maybe
62,signed_warehouse_clipboard,warehouse clipboard,signed,in a sock,maybe
61,burnt_compact_mirror,compact mirror,burnt,from a divorce,maybe
61,burnt_crystal_cluster,crystal cluster,burnt,with the wrong remote,yes
61,burnt_cymbal_cracked,cymbal cracked,burnt,labeled EVIDENCE,maybe
61,burnt_egg_timer,egg timer,burnt,full of glitter,maybe
61,burnt_hypno_spiral,hypno spiral,burnt,won at casino,maybe
61,burnt_metal_detector,metal detector,burnt,with a lawsuit,maybe
61,burnt_mic_stand,mic stand,burnt,in a sock,maybe
61,burnt_roman_candle,roman candle,burnt,stolen then returned,maybe
61,burnt_shaving_brush,shaving brush,burnt,from a raid,maybe
61,burnt_storage_ottoman,storage ottoman,burnt,smelling of fish,maybe
61,burnt_tarot_deck,tarot deck,burnt,stolen then returned,maybe
61,dedicated_butterfly_case,butterfly case,dedicated,from a divorce,maybe
61,dedicated_prom_dress_bag,prom dress bag,dedicated,welded shut,maybe
61,dedicated_shaving_mug,shaving mug,dedicated,stolen then returned,maybe
61,dedicated_toothbrush_travel,toothbrush travel,dedicated,in a sock,maybe
61,dedicated_wipe_warmer,wipe warmer,dedicated,won at casino,maybe
61,expired_cork_collection,cork collection,expired,smelling of fish,maybe
61,expired_marker_bin,marker bin,expired,still beeping,maybe
61,expired_massage_chair_pad,massage chair pad,expired,welded shut,maybe
61,expired_pumice_stone,pumice stone,expired,with a lawsuit,maybe
61,expired_welding_mask,welding mask,expired,in a sock,maybe
61,foreclosure_brine_shrimp_hatchery,brine shrimp hatchery,foreclosure,from a divorce,maybe
61,foreclosure_disco_ball_mini,disco ball mini,foreclosure,from a divorce,maybe
61,foreclosure_fax_toner,fax toner,foreclosure,in a sock,maybe
61,foreclosure_lint_roller_pack,lint roller pack,foreclosure,full of glitter,maybe
61,foreclosure_paper_fortune,paper fortune,foreclosure,welded shut,maybe
61,foreclosure_shot_glass_set,shot glass set,foreclosure,labeled FREE,yes
61,foreclosure_sleeve_board,sleeve board,foreclosure,with a lawsuit,maybe
61,lab_cymbal_cracked,cymbal cracked,lab,stolen then returned,maybe
61,lab_hat_box_leather,hat box leather,lab,smelling of fish,maybe
61,lab_ice_cream_maker,ice cream maker,lab,from a raid,maybe
61,lab_toothbrush_holder,toothbrush holder,lab,from a divorce,maybe
61,lab_torch_tiki,torch tiki,lab,smelling of fish,maybe
61,limited_backgammon_board,backgammon board,limited,in a sock,maybe
61,limited_blood_pressure_cuff,blood pressure cuff,limited,smelling of fish,maybe
61,limited_co_detector,CO detector,limited,from a raid,maybe
61,limited_jump_rope_weighted,jump rope weighted,limited,still beeping,maybe
61,limited_makeup_case,makeup case,limited,still beeping,maybe
61,plastic_bottle_brush_set,bottle brush set,plastic,in a sock,maybe
61,plastic_bowling_pin,bowling pin,plastic,with a receipt,maybe
61,plastic_candy_thermometer,candy thermometer,plastic,stolen then returned,maybe
61,plastic_car_battery,car battery,plastic,still beeping,maybe
61,plastic_diaper_genie,diaper genie,plastic,full of glitter,maybe
61,plastic_mister_bottle,mister bottle,plastic,won at casino,maybe
61,plastic_wine_barrel_bung,wine barrel bung,plastic,full of glitter,maybe
61,rusty_binoculars,binoculars,rusty,still beeping,maybe
61,rusty_bird_bath,bird bath,rusty,won at casino,maybe
61,rusty_bowling_pin,bowling pin,rusty,labeled FREE,maybe
61,rusty_djembe,djembe,rusty,from a divorce,maybe
61,rusty_grow_light,grow light,rusty,full of glitter,maybe
61,rusty_hacky_sack_jar,hacky sack jar,rusty,full of glitter,maybe
61,rusty_harmonica_chrome,harmonica chrome,rusty,still beeping,maybe
61,rusty_lawn_flamingo_pair,lawn flamingo pair,rusty,welded shut,maybe
61,rusty_neon_beer_sign,neon beer sign,rusty,won at casino,maybe
61,rusty_roach_motel,roach motel,rusty,labeled EVIDENCE,maybe
61,rusty_stethoscope,stethoscope,rusty,won at casino,maybe
61,school_cuttlebone,cuttlebone,school,still beeping,maybe
61,school_drop_spindle,drop spindle,school,full of glitter,maybe
61,school_equalizer_rack,equalizer rack,school,from a raid,maybe
61,school_fossil_ammonite,fossil ammonite,school,full of glitter,maybe
61,school_handcuff_prop,handcuff prop,school,with a lawsuit,maybe
61,school_music_stand,music stand,school,won at casino,maybe
61,school_nameplate_desk,nameplate desk,school,from a divorce,maybe
61,school_pet_id_tag_engraver,pet ID tag engraver,school,won at casino,maybe
61,school_ultrasonic_pest,ultrasonic pest,school,smelling of fish,maybe
61,signed_formula_can_empty,formula can empty,signed,stolen then returned,maybe
61,signed_handcuff_prop,handcuff prop,signed,still beeping,maybe
61,signed_mortar_pestle,mortar pestle,signed,from a raid,maybe
61,signed_ship_clock,ship clock,signed,welded shut,maybe
61,signed_visa_stamp_toy,visa stamp toy,signed,welded shut,maybe
60,burnt_blender,blender,burnt,welded shut,maybe
60,burnt_boom_arm,boom arm,burnt,labeled EVIDENCE,maybe
60,burnt_chain_and_lock,chain and lock,burnt,in a sock,maybe
60,burnt_coffee_grinder,coffee grinder,burnt,full of glitter,maybe
60,burnt_cone_of_shame,cone of shame,burnt,with a lawsuit,maybe
60,burnt_die_cut_machine,die cut machine,burnt,smelling of fish,maybe
60,burnt_ice_bag_rubber,ice bag rubber,burnt,still beeping,maybe
60,burnt_mandolin,mandolin,burnt,full of glitter,maybe
60,burnt_spice_rack_full,spice rack full,burnt,smelling of fish,maybe
60,dedicated_anvil_mini,anvil mini,dedicated,with a lawsuit,maybe
60,dedicated_cheese_board,cheese board,dedicated,smelling of fish,maybe
60,dedicated_dvr_dusty,DVR dusty,dedicated,labeled EVIDENCE,maybe
60,dedicated_index_cards_recipes,index cards recipes,dedicated,smelling of fish,maybe
60,dedicated_nameplate_desk,nameplate desk,dedicated,in a sock,maybe
60,dedicated_oil_lamp_glass,oil lamp glass,dedicated,from a flood,yes
60,expired_dat_tape,DAT tape,expired,from a divorce,maybe
60,expired_laminator,laminator,expired,from a raid,maybe
60,expired_resistance_bands,resistance bands,expired,from a raid,maybe
60,expired_snake_hook,snake hook,expired,labeled EVIDENCE,maybe
60,expired_soaker_hose,soaker hose,expired,welded shut,maybe
60,expired_wand_sparkly,wand sparkly,expired,stolen then returned,maybe
60,expired_weave_poles,weave poles,expired,full of glitter,maybe
60,foreclosure_aquarium_filter,aquarium filter,foreclosure,zip-tied,yes
60,foreclosure_buddha_fat,buddha fat,foreclosure,stolen then returned,maybe
60,foreclosure_cleats_muddy,cleats muddy,foreclosure,won at casino,maybe
60,foreclosure_forklift_key,forklift key,foreclosure,smelling of fish,maybe
60,foreclosure_scanner_flatbed,scanner flatbed,foreclosure,welded shut,maybe
60,foreclosure_spyglass_brass,spyglass brass,foreclosure,with a note,yes
60,foreclosure_telescope,telescope,foreclosure,from a divorce,maybe
60,lab_formula_can_empty,formula can empty,lab,labeled EVIDENCE,maybe
60,lab_lava_lamp,lava lamp,lab,opened once,yes
60,lab_straight_razor,straight razor,lab,smelling of fish,maybe
60,lab_uvb_bulb,UVB bulb,lab,won at casino,maybe
60,limited_boarding_pass_printer,boarding pass printer,limited,from a divorce,maybe
60,limited_dvr_dusty,DVR dusty,limited,won at casino,maybe
60,limited_ferret_hammock,ferret hammock,limited,in a sock,maybe
60,limited_hand_buzzer,hand buzzer,limited,with a lawsuit,maybe
60,limited_security_camera_dummy,security camera dummy,limited,welded shut,maybe
60,limited_ship_in_bottle,ship in bottle,limited,padlocked,maybe
60,limited_storage_ottoman,storage ottoman,limited,still beeping,maybe
60,limited_ultrasonic_trainer,ultrasonic trainer,limited,stolen then returned,maybe
60,limited_wind_chime,wind chime,limited,smelling of fish,maybe
60,plastic_action_cam_cracked,action cam cracked,plastic,with a lawsuit,maybe
60,plastic_arrow_through_head,arrow through head,plastic,labeled DO NOT SELL,maybe
60,plastic_barometer,barometer,plastic,full of glitter,maybe
60,plastic_blanket_security,blanket security,plastic,full of glitter,maybe
60,plastic_comic_longbox,comic longbox,plastic,from a divorce,maybe
60,plastic_compass,compass,plastic,in a sock,maybe
60,plastic_kitchen_timer,kitchen timer,plastic,in a sock,maybe
60,plastic_night_vision_goggles,night vision goggles,plastic,in a sock,maybe
60,plastic_oxygen_bottle_prop,oxygen bottle prop,plastic,from a divorce,maybe
60,rusty_bench_vise,bench vise,rusty,labeled EVIDENCE,maybe
60,rusty_extension_cord_nest,extension cord nest,rusty,with a lawsuit,maybe
60,rusty_film_reel,film reel,rusty,smelling of fish,maybe
60,rusty_ken_torso,Ken torso,rusty,labeled EVIDENCE,maybe
60,rusty_powder_horn,powder horn,rusty,smelling of fish,maybe
60,rusty_zipper_bag,zipper bag,rusty,welded shut,maybe
60,school_alphabet_blocks,alphabet blocks,school,stolen then returned,maybe
60,school_bill_counter,bill counter,school,in a sock,maybe
60,school_bo_staff,bo staff,school,won at casino,maybe
60,school_catnip_pillow,catnip pillow,school,from a raid,maybe
60,school_chocolate_fountain,chocolate fountain,school,with a lawsuit,maybe
60,school_hotel_key_board,hotel key board,school,still beeping,maybe
60,school_lab_flask,lab flask,school,in a sock,maybe
60,school_punching_bag,punching bag,school,from a divorce,maybe
60,school_sewing_basket,sewing basket,school,labeled EVIDENCE,maybe
60,school_sock_puppet_kit,sock puppet kit,school,with a lawsuit,maybe
60,school_survival_kit,survival kit,school,won at casino,maybe
60,school_thigh_master,thigh master,school,full of glitter,maybe
60,signed_egg_timer,egg timer,signed,stolen then returned,maybe
60,signed_ouija_board,ouija board,signed,opened once,maybe
60,signed_pinball_backglass,pinball backglass,signed,in a trash bag,yes
60,signed_quilt_unfinished,quilt unfinished,signed,stolen then returned,maybe
60,signed_stress_ball_face,stress ball face,signed,stolen then returned,maybe
59,signed_crystal_cluster,crystal cluster,signed,from a flood,yes
59,signed_oil_lamp_glass,oil lamp glass,signed,smelling of perfume,yes
58,limited_crystal_cluster,crystal cluster,limited,with a note,yes
57,expired_novelty_glasses,novelty glasses,expired,from a flood,yes
57,rusty_crystal_ball,crystal ball,rusty,won at carnival,yes
56,dedicated_pinball_backglass,pinball backglass,dedicated,with mouse droppings,yes
55,limited_opera_glasses,opera glasses,limited,taped shut,yes
54,burnt_bodycam_fake,bodycam fake,burnt,with no power cord,maybe
54,burnt_button_tin,button tin,burnt,zip-tied,maybe
54,burnt_cake_topper_bride,cake topper bride,burnt,with a photo,maybe
54,burnt_car_seat_pet,car seat pet,burnt,with no power cord,maybe
54,burnt_centrifuge_toy,centrifuge toy,burnt,full of rice,maybe
54,burnt_check_writer,check writer,burnt,padlocked,maybe
54,burnt_earplugs_jar,earplugs jar,burnt,glued shut,maybe
54,burnt_helmet,helmet,burnt,smelling of smoke,maybe
54,burnt_knitting_needles,knitting needles,burnt,full of rice,maybe
54,burnt_life_ring,life ring,burnt,full of sand,maybe
54,burnt_meat_grinder,meat grinder,burnt,labeled MOM,maybe
54,burnt_muffin_tin,muffin tin,burnt,never opened,maybe
54,burnt_opera_glasses,opera glasses,burnt,with no power cord,yes
54,burnt_space_heater,space heater,burnt,with a note,maybe
54,burnt_thimble_set,thimble set,burnt,with a note,maybe
54,burnt_tuning_fork,tuning fork,burnt,with the wrong remote,maybe
54,dedicated_catnip_pillow,catnip pillow,dedicated,taped shut,maybe
54,dedicated_ceramics_greenware,ceramics greenware,dedicated,with a dead battery,maybe
54,dedicated_croquet_mallet,croquet mallet,dedicated,with a dead battery,maybe
54,dedicated_diaper_genie,diaper genie,dedicated,in a trash bag,maybe
54,dedicated_elizabethan_collar,elizabethan collar,dedicated,with the wrong remote,maybe
54,dedicated_flute_school,flute school,dedicated,won at carnival,maybe
54,dedicated_garden_hose_kinked,garden hose kinked,dedicated,wrapped in newspaper,maybe
54,dedicated_geiger_counter,Geiger counter,dedicated,with the wrong remote,maybe
54,dedicated_guitar_pedalboard,guitar pedalboard,dedicated,zip-tied,maybe
54,dedicated_hose_reel,hose reel,dedicated,with a receipt,maybe
54,dedicated_incense_skull,incense skull,dedicated,with a photo,maybe
54,dedicated_jade_cabbage,jade cabbage,dedicated,labeled FREE,maybe
54,dedicated_label_maker,label maker,dedicated,opened once,maybe
54,dedicated_litter_genie,litter genie,dedicated,never opened,maybe
54,dedicated_podcast_mic,podcast mic,dedicated,opened once,maybe
54,dedicated_poker_table_felt,poker table felt,dedicated,zip-tied,maybe
54,dedicated_police_scanner,police scanner,dedicated,full of rice,maybe
54,dedicated_seam_ripper_jar,seam ripper jar,dedicated,labeled DO NOT SELL,maybe
54,dedicated_sewing_form,sewing form,dedicated,labeled DO NOT SELL,maybe
54,dedicated_tongs_feeding,tongs feeding,dedicated,padlocked,maybe
54,dedicated_ups_battery,UPS battery,dedicated,labeled DO NOT SELL,maybe
54,dedicated_watering_can,watering can,dedicated,with no power cord,maybe
54,dedicated_wine_barrel_bung,wine barrel bung,dedicated,in a trash bag,maybe
54,expired_back_scrubber,back scrubber,expired,wrapped in newspaper,maybe
54,expired_cat_tree,cat tree,expired,smelling of perfume,maybe
54,expired_catio_panel,catio panel,expired,never opened,maybe
54,expired_changing_table,changing table,expired,full of coins,maybe
54,expired_coffee_maker,coffee maker,expired,taped shut,maybe
54,expired_electric_toothbrush,electric toothbrush,expired,from a flood,maybe
54,expired_fax_toner,fax toner,expired,full of coins,maybe
54,expired_gloves_boxing,gloves boxing,expired,padlocked,maybe
54,expired_ink_well,ink well,expired,in a trash bag,maybe
54,expired_microchip_scanner,microchip scanner,expired,never opened,maybe
54,expired_nintendo_power_glove,Nintendo Power Glove,expired,with a dead battery,maybe
54,expired_pager,pager,expired,zip-tied,maybe
54,expired_patch_bay,patch bay,expired,zip-tied,maybe
54,expired_rope_toy_frayed,rope toy frayed,expired,smelling of perfume,maybe
54,expired_sewing_basket,sewing basket,expired,wrapped in newspaper,maybe
54,expired_shark_tooth_jar,shark tooth jar,expired,with instructions missing page 2,maybe
54,expired_signal_mirror,signal mirror,expired,never opened,maybe
54,expired_sound_machine,sound machine,expired,won at carnival,maybe
54,expired_stopwatch,stopwatch,expired,with instructions missing page 2,maybe
54,expired_typewriter_ribbon,typewriter ribbon,expired,opened once,maybe
54,expired_unicycle,unicycle,expired,smelling of smoke,maybe
54,expired_wig_stand,wig stand,expired,with a dead battery,maybe
54,foreclosure_aftershave_splash,aftershave splash,foreclosure,padlocked,maybe
54,foreclosure_ammo_can_empty,ammo can empty,foreclosure,full of rice,maybe
54,foreclosure_citronella_bucket,citronella bucket,foreclosure,taped shut,maybe
54,foreclosure_egg_cup_set,egg cup set,foreclosure,full of sand,maybe
54,foreclosure_fleece_raw,fleece raw,foreclosure,with the wrong remote,maybe
54,foreclosure_frisbee_dog,frisbee dog,foreclosure,opened once,maybe
54,foreclosure_lantern_railroad,lantern railroad,foreclosure,never opened,maybe
54,foreclosure_nintendo_power_glove,Nintendo Power Glove,foreclosure,never opened,maybe
54,foreclosure_novelty_glasses,novelty glasses,foreclosure,with instructions missing page 2,yes
54,foreclosure_organ_pedal,organ pedal,foreclosure,full of coins,maybe
54,foreclosure_peak_flow_meter,peak flow meter,foreclosure,won at carnival,maybe
54,foreclosure_pipe_wrench,pipe wrench,foreclosure,labeled MOM,maybe
54,foreclosure_putter_novelty,putter novelty,foreclosure,labeled MOM,maybe
54,foreclosure_rotary_phone,rotary phone,foreclosure,full of coins,maybe
54,foreclosure_samurai_sword_wall,samurai sword wall,foreclosure,with mouse droppings,maybe
54,foreclosure_scratching_post,scratching post,foreclosure,with mouse droppings,maybe
54,foreclosure_seed_packets,seed packets,foreclosure,with a photo,maybe
54,foreclosure_smoke_alarm_chirp,smoke alarm chirp,foreclosure,won at carnival,maybe
54,foreclosure_sound_machine,sound machine,foreclosure,full of sand,maybe
54,foreclosure_trophy_spelling,trophy spelling,foreclosure,with mouse droppings,maybe
54,foreclosure_walkman,Walkman,foreclosure,full of sand,maybe
54,lab_backgammon_board,backgammon board,lab,full of coins,maybe
54,lab_badminton_set,badminton set,lab,with instructions missing page 2,maybe
54,lab_band_jacket,band jacket,lab,from a fire sale,maybe
54,lab_bubble_bath_jug,bubble bath jug,lab,with instructions missing page 2,maybe
54,lab_champagne_flutes,champagne flutes,lab,with no power cord,maybe
54,lab_cigar_humidor,cigar humidor,lab,with no power cord,maybe
54,lab_deep_fryer,deep fryer,lab,wrapped in newspaper,maybe
54,lab_dress_form_adjustable,dress form adjustable,lab,with the wrong remote,maybe
54,lab_fiber_optic_lamp,fiber optic lamp,lab,with a note,yes
54,lab_fondue_set,fondue set,lab,labeled DO NOT SELL,maybe
54,lab_mess_kit,mess kit,lab,in a trash bag,maybe
54,lab_roulette_wheel_toy,roulette wheel toy,lab,wrapped in newspaper,maybe
54,lab_shark_tooth_jar,shark tooth jar,lab,from a fire sale,maybe
54,lab_stilts_pair,stilts pair,lab,won at carnival,maybe
54,lab_syquest_cartridge,SyQuest cartridge,lab,from a flood,maybe
54,lab_telescope,telescope,lab,smelling of smoke,maybe
54,lab_time_clock,time clock,lab,with mouse droppings,maybe
54,lab_walkie_talkie,walkie-talkie,lab,with a receipt,maybe
54,lab_whistle_referee,whistle referee,lab,full of sand,maybe
54,limited_action_figure_loose,action figure loose,limited,with a note,maybe
54,limited_angle_grinder,angle grinder,limited,full of sand,maybe
54,limited_blacklight,blacklight,limited,with no power cord,maybe
54,limited_boar_tusk,boar tusk,limited,with instructions missing page 2,maybe
54,limited_chess_set_ivory_fake,chess set ivory fake,limited,with a photo,maybe
54,limited_egg_beater,egg beater,limited,with instructions missing page 2,maybe
54,limited_fish_net,fish net,limited,full of sand,maybe
54,limited_kazoo_set,kazoo set,limited,taped shut,maybe
54,limited_notary_stamp_fake,notary stamp fake,limited,full of coins,maybe
54,limited_organ_pedal,organ pedal,limited,opened once,maybe
54,limited_plaque_employee_month,plaque employee month,limited,with a receipt,maybe
54,limited_pogo_stick,pogo stick,limited,in a trash bag,maybe
54,limited_quilt_frame,quilt frame,limited,labeled DO NOT SELL,maybe
54,limited_rain_gauge,rain gauge,limited,full of rice,maybe
54,limited_roulette_wheel_toy,roulette wheel toy,limited,labeled MOM,maybe
54,limited_sea_chest,sea chest,limited,with a dead battery,maybe
54,limited_skull_candle_holder,skull candle holder,limited,full of rice,maybe
54,limited_starch_spray,starch spray,limited,full of coins,maybe
54,limited_sumi_kit,sumi kit,limited,with a note,maybe
54,limited_swamp_cooler,swamp cooler,limited,wrapped in newspaper,maybe
54,limited_whistle_referee,whistle referee,limited,zip-tied,maybe
54,plastic_ab_roller,ab roller,plastic,with instructions missing page 2,maybe
54,plastic_bath_bomb_crate,bath bomb crate,plastic,won at carnival,maybe
54,plastic_cuttlebone,cuttlebone,plastic,with a receipt,maybe
54,plastic_drafting_set,drafting set,plastic,wrapped in newspaper,maybe
54,plastic_dvr_dusty,DVR dusty,plastic,in a trash bag,maybe
54,plastic_honey_extractor_toy,honey extractor toy,plastic,glued shut,maybe
54,plastic_jade_cabbage,jade cabbage,plastic,padlocked,maybe
54,plastic_jumperoo,jumperoo,plastic,taped shut,maybe
54,plastic_label_maker,label maker,plastic,with no power cord,maybe
54,plastic_oil_lamp_glass,oil lamp glass,plastic,with a note,yes
54,plastic_poker_table_felt,poker table felt,plastic,full of sand,maybe
54,plastic_power_strip_fire,power strip fire,plastic,with a note,maybe
54,plastic_pruning_shears,pruning shears,plastic,labeled FREE,maybe
54,plastic_rosary,rosary,plastic,never opened,maybe
54,plastic_unity_candle,unity candle,plastic,padlocked,maybe
54,plastic_waterproof_radio,waterproof radio,plastic,with a dead battery,maybe
54,plastic_wedding_cake_knife,wedding cake knife,plastic,from a flood,maybe
54,plastic_x_ray_specs,x-ray specs,plastic,full of coins,maybe
54,rusty_batting_roll,batting roll,rusty,from a flood,maybe
54,rusty_crochet_hook_set,crochet hook set,rusty,full of sand,maybe
54,rusty_eye_mask_sleep,eye mask sleep,rusty,never opened,maybe
54,rusty_fax_toner,fax toner,rusty,with a dead battery,maybe
54,rusty_geiger_counter,Geiger counter,rusty,with a note,maybe
54,rusty_glue_trap_unused,glue trap unused,rusty,full of sand,maybe
54,rusty_hamper_laundry,hamper laundry,rusty,smelling of smoke,maybe
54,rusty_mantel_clock,mantel clock,rusty,labeled DO NOT SELL,maybe
54,rusty_mask_hockey,mask hockey,rusty,never opened,maybe
54,rusty_sheet_music_binder,sheet music binder,rusty,with a note,maybe
54,rusty_signal_mirror,signal mirror,rusty,labeled MOM,maybe
54,rusty_sling_wrap,sling wrap,rusty,glued shut,maybe
54,rusty_spinner_fidget_giant,spinner fidget giant,rusty,smelling of smoke,maybe
54,rusty_visitor_badge_gun,visitor badge gun,rusty,with a photo,maybe
54,school_ammo_crate_wood,ammo crate wood,school,with the wrong remote,maybe
54,school_crystal_ball,crystal ball,school,labeled FREE,yes
54,school_cushion_insert,cushion insert,school,from a fire sale,maybe
54,school_doubloon_plastic,doubloon plastic,school,with mouse droppings,maybe
54,school_guitar_pedalboard,guitar pedalboard,school,labeled DO NOT SELL,maybe
54,school_hand_mixer,hand mixer,school,full of sand,maybe
54,school_heat_rock,heat rock,school,full of coins,maybe
54,school_hose_reel,hose reel,school,from a fire sale,maybe
54,school_ink_well,ink well,school,labeled DO NOT SELL,maybe
54,school_moving_blanket,moving blanket,school,won at carnival,maybe
54,school_protein_skimmer,protein skimmer,school,with instructions missing page 2,maybe
54,school_saxophone_dented,saxophone dented,school,with a dead battery,maybe
54,school_sega_genesis,Sega Genesis,school,padlocked,maybe
54,school_smoke_grenade_novelty,smoke grenade novelty,school,labeled FREE,maybe
54,school_straw_dispenser,straw dispenser,school,with a dead battery,maybe
54,school_thermal_camera_toy,thermal camera toy,school,with a receipt,maybe
54,school_uv_nail_lamp,UV nail lamp,school,with instructions missing page 2,yes
54,signed_answering_machine,answering machine,signed,with a note,maybe
54,signed_band_jacket,band jacket,signed,padlocked,maybe
54,signed_car_seat_expired,car seat expired,signed,with a receipt,maybe
54,signed_deodorant_stone,deodorant stone,signed,never opened,maybe
54,signed_fossil_ammonite,fossil ammonite,signed,labeled DO NOT SELL,maybe
54,signed_juicer,juicer,signed,full of rice,maybe
54,signed_loofah_on_stick,loofah on stick,signed,with the wrong remote,maybe
54,signed_magic_lantern,magic lantern,signed,labeled FREE,maybe
54,signed_rolling_pin,rolling pin,signed,in a trash bag,maybe
54,signed_room_number_plate,room number plate,signed,glued shut,maybe
54,signed_seed_vault,seed vault,signed,never opened,maybe
54,signed_slot_car_track,slot car track,signed,smelling of smoke,maybe
54,signed_swamp_cooler,swamp cooler,signed,labeled MOM,maybe
54,signed_thermal_camera_toy,thermal camera toy,signed,with instructions missing page 2,maybe
54,signed_torch_tiki,torch tiki,signed,from a fire sale,maybe
54,signed_yo_yo_collection,yo-yo collection,signed,smelling of perfume,maybe
53,burnt_aftershave_splash,aftershave splash,burnt,labeled FREE,maybe
53,burnt_baggage_scale,baggage scale,burnt,with mouse droppings,maybe
53,burnt_bench_vise,bench vise,burnt,wrapped in newspaper,maybe
53,burnt_bias_tape,bias tape,burnt,with mouse droppings,maybe
53,burnt_bread_machine,bread machine,burnt,from a flood,maybe
53,burnt_cpap_machine,CPAP machine,burnt,with a receipt,maybe
53,burnt_cuckoo_nest_empty,cuckoo nest empty,burnt,labeled MOM,maybe
53,burnt_fog_machine,fog machine,burnt,with a receipt,maybe
53,burnt_guinea_pig_castle,guinea pig castle,burnt,full of sand,maybe
53,burnt_humidity_tray,humidity tray,burnt,with a receipt,maybe
53,burnt_hydrometer,hydrometer,burnt,wrapped in newspaper,maybe
53,burnt_minidisc_player,MiniDisc player,burnt,with a note,maybe
53,burnt_plasma_ball,plasma ball,burnt,wrapped in newspaper,maybe
53,burnt_stroller_fold,stroller fold,burnt,taped shut,maybe
53,burnt_watercolor_tin,watercolor tin,burnt,with mouse droppings,maybe
53,dedicated_action_cam_cracked,action cam cracked,dedicated,won at carnival,maybe
53,dedicated_co_detector,CO detector,dedicated,smelling of perfume,maybe
53,dedicated_cutlass_foam,cutlass foam,dedicated,never opened,maybe
53,dedicated_discman,Discman,dedicated,with a dead battery,maybe
53,dedicated_hockey_puck_signed,hockey puck signed,dedicated,with a receipt,maybe
53,dedicated_ironing_board,ironing board,dedicated,wrapped in newspaper,maybe
53,dedicated_rolling_pin,rolling pin,dedicated,with mouse droppings,maybe
53,dedicated_shower_radio,shower radio,dedicated,smelling of smoke,maybe
53,dedicated_stencil_pack,stencil pack,dedicated,full of coins,maybe
53,dedicated_syquest_cartridge,SyQuest cartridge,dedicated,with a receipt,maybe
53,dedicated_teeter_board,teeter board,dedicated,from a fire sale,maybe
53,dedicated_visitor_badge_gun,visitor badge gun,dedicated,full of sand,maybe
53,expired_cake_topper_bride,cake topper bride,expired,zip-tied,maybe
53,expired_circular_saw,circular saw,expired,from a flood,maybe
53,expired_feather_wand,feather wand,expired,from a fire sale,maybe
53,expired_hat_box_leather,hat box leather,expired,with a note,maybe
53,expired_router_wood,router wood,expired,labeled DO NOT SELL,maybe
53,expired_salt_mix_bucket,salt mix bucket,expired,padlocked,maybe
53,expired_shell_casing_jar,shell casing jar,expired,with a photo,maybe
53,expired_soap_on_a_rope,soap on a rope,expired,full of sand,maybe
53,expired_thimble_set,thimble set,expired,glued shut,maybe
53,expired_wedding_dress_boxed,wedding dress boxed,expired,labeled DO NOT SELL,maybe
53,foreclosure_back_scrubber,back scrubber,foreclosure,labeled MOM,maybe
53,foreclosure_cake_topper_bride,cake topper bride,foreclosure,labeled DO NOT SELL,maybe
53,foreclosure_chip_carousel,chip carousel,foreclosure,with a note,maybe
53,foreclosure_clarinet,clarinet,foreclosure,glued shut,maybe
53,foreclosure_cuckoo_nest_empty,cuckoo nest empty,foreclosure,wrapped in newspaper,maybe
53,foreclosure_emf_meter_toy,EMF meter toy,foreclosure,labeled FREE,maybe
53,foreclosure_entrenching_tool,entrenching tool,foreclosure,labeled FREE,maybe
53,foreclosure_glue_trap_unused,glue trap unused,foreclosure,with a photo,maybe
53,foreclosure_heater_aquarium,heater aquarium,foreclosure,with mouse droppings,yes
53,foreclosure_intercom_handset,intercom handset,foreclosure,zip-tied,maybe
53,foreclosure_marquee_letter,marquee letter,foreclosure,with a note,maybe
53,foreclosure_plate_divider_kids,plate divider kids,foreclosure,wrapped in newspaper,maybe
53,foreclosure_rice_cooker,rice cooker,foreclosure,smelling of smoke,maybe
53,foreclosure_slot_machine_bank,slot machine bank,foreclosure,labeled DO NOT SELL,maybe
53,foreclosure_vinyl_record,vinyl record,foreclosure,labeled FREE,maybe
53,lab_bias_tape,bias tape,lab,full of rice,maybe
53,lab_boar_tusk,boar tusk,lab,from a flood,maybe
53,lab_cork_collection,cork collection,lab,padlocked,maybe
53,lab_human_anatomy_model,human anatomy model,lab,padlocked,maybe
53,lab_kitchen_scale,kitchen scale,lab,full of sand,maybe
53,lab_lucky_cat,lucky cat,lab,with no power cord,maybe
53,lab_name_tag_maker,name tag maker,lab,taped shut,maybe
53,lab_petri_dishes,petri dishes,lab,with no power cord,maybe
53,lab_rat_trap,rat trap,lab,labeled MOM,maybe
53,lab_security_camera_dummy,security camera dummy,lab,with instructions missing page 2,maybe
53,lab_smoker_bee,smoker bee,lab,full of coins,maybe
53,lab_tray_table,tray table,lab,with a photo,maybe
53,limited_bullet_belt_dummy,bullet belt dummy,limited,from a flood,maybe
53,limited_candelabra,candelabra,limited,wrapped in newspaper,maybe
53,limited_coffee_grinder,coffee grinder,limited,with mouse droppings,maybe
53,limited_comic_longbox,comic longbox,limited,full of coins,maybe
53,limited_drill_press,drill press,limited,smelling of smoke,maybe
53,limited_egg_timer,egg timer,limited,with mouse droppings,maybe
53,limited_embroidery_hoop,embroidery hoop,limited,with a receipt,maybe
53,limited_fondue_set,fondue set,limited,with a photo,maybe
53,limited_garment_bag,garment bag,limited,won at carnival,maybe
53,limited_juggling_clubs,juggling clubs,limited,with a receipt,maybe
53,limited_nail_kit,nail kit,limited,labeled DO NOT SELL,maybe
53,limited_pendulum_kit,pendulum kit,limited,smelling of perfume,maybe
53,limited_retainer_case,retainer case,limited,smelling of smoke,maybe
53,limited_roomba_shell,roomba shell,limited,with a note,maybe
53,limited_shampoo_sample_bin,shampoo sample bin,limited,with no power cord,maybe
53,limited_sippy_cup_bin,sippy cup bin,limited,taped shut,maybe
53,limited_top_hat_rabbit,top hat rabbit,limited,smelling of smoke,maybe
53,limited_uv_sterilizer,UV sterilizer,limited,smelling of perfume,maybe
53,plastic_bug_zapper,bug zapper,plastic,with mouse droppings,maybe
53,plastic_cake_stand,cake stand,plastic,never opened,maybe
53,plastic_cedar_chest,cedar chest,plastic,with instructions missing page 2,maybe
53,plastic_coaster_cork,coaster cork,plastic,in a trash bag,maybe
53,plastic_creamer_cow,creamer cow,plastic,with no power cord,maybe
53,plastic_discman,Discman,plastic,labeled MOM,maybe
53,plastic_elastic_spool,elastic spool,plastic,opened once,maybe
53,plastic_garment_bag,garment bag,plastic,zip-tied,maybe
53,plastic_glucose_meter,glucose meter,plastic,glued shut,maybe
53,plastic_mannequin_hand,mannequin hand,plastic,with a note,maybe
53,plastic_metronome_windup,metronome windup,plastic,padlocked,maybe
53,plastic_milk_frother,milk frother,plastic,with the wrong remote,maybe
53,plastic_mood_light,mood light,plastic,labeled FREE,maybe
53,plastic_nameplate_desk,nameplate desk,plastic,full of coins,maybe
53,plastic_oxygen_mask_demo,oxygen mask demo,plastic,labeled MOM,maybe
53,plastic_padlock_collection,padlock collection,plastic,from a flood,maybe
53,plastic_poker_chip_rack,poker chip rack,plastic,smelling of smoke,maybe
53,plastic_sippy_cup_bin,sippy cup bin,plastic,with the wrong remote,maybe
53,plastic_slot_car_track,slot car track,plastic,taped shut,maybe
53,plastic_tripod_broken,tripod broken,plastic,opened once,maybe
53,plastic_walker_wheels,walker wheels,plastic,in a trash bag,maybe
53,plastic_walkie_talkie,walkie-talkie,plastic,padlocked,maybe
53,plastic_wipe_warmer,wipe warmer,plastic,with a photo,maybe
53,rusty_bubble_machine,bubble machine,rusty,taped shut,maybe
53,rusty_canteen_army,canteen army,rusty,opened once,maybe
53,rusty_canvas_failed,canvas failed,rusty,wrapped in newspaper,maybe
53,rusty_hose_reel,hose reel,rusty,padlocked,maybe
53,rusty_keg_tap,keg tap,rusty,full of coins,maybe
53,rusty_napkin_dispenser,napkin dispenser,rusty,with mouse droppings,maybe
53,rusty_nintendo_power_glove,Nintendo Power Glove,rusty,wrapped in newspaper,maybe
53,rusty_peak_flow_meter,peak flow meter,rusty,padlocked,maybe
53,rusty_scuba_mask,scuba mask,rusty,taped shut,maybe
53,rusty_seat_belt_pet,seat belt pet,rusty,with mouse droppings,maybe
53,rusty_smoke_grenade_novelty,smoke grenade novelty,rusty,won at carnival,maybe
53,rusty_stadium_seat,stadium seat,rusty,from a flood,maybe
53,rusty_stencil_pack,stencil pack,rusty,with no power cord,maybe
53,rusty_stopwatch,stopwatch,rusty,with a note,maybe
53,school_abacus_kids,abacus kids,school,padlocked,maybe
53,school_cricket_keeper,cricket keeper,school,with instructions missing page 2,maybe
53,school_decanter,decanter,school,glued shut,maybe
53,school_fish_mount,fish mount,school,full of sand,maybe
53,school_garment_bag,garment bag,school,with a photo,maybe
53,school_geiger_counter,Geiger counter,school,glued shut,maybe
53,school_hamster_wheel,hamster wheel,school,in a trash bag,maybe
53,school_hotel_soap_crate,hotel soap crate,school,with instructions missing page 2,maybe
53,school_ice_cream_maker,ice cream maker,school,from a flood,maybe
53,school_ipod_classic,iPod classic,school,from a flood,maybe
53,school_luggage_strap,luggage strap,school,padlocked,maybe
53,school_pedicure_tub,pedicure tub,school,opened once,maybe
53,school_place_card_holder,place card holder,school,wrapped in newspaper,maybe
53,school_pogo_stick,pogo stick,school,full of rice,maybe
53,school_pressing_cloth,pressing cloth,school,smelling of perfume,maybe
53,school_punch_card_deck,punch card deck,school,smelling of perfume,maybe
53,school_rabbit_hutch_door,rabbit hutch door,school,with a note,maybe
53,school_seam_ripper_jar,seam ripper jar,school,with a photo,maybe
53,school_shaving_mug,shaving mug,school,full of rice,maybe
53,school_soap_dish_shell,soap dish shell,school,with instructions missing page 2,maybe
53,school_sweater_stone,sweater stone,school,from a fire sale,maybe
53,school_syquest_cartridge,SyQuest cartridge,school,from a fire sale,maybe
53,school_tank_model,tank model,school,in a trash bag,maybe
53,school_triangle_music,triangle music,school,smelling of smoke,maybe
53,school_typewriter_ribbon,typewriter ribbon,school,full of coins,maybe
53,school_visitor_badge_gun,visitor badge gun,school,zip-tied,maybe
53,school_wind_chime,wind chime,school,padlocked,maybe
53,signed_action_figure_loose,action figure loose,signed,from a flood,maybe
53,signed_banjo,banjo,signed,full of coins,maybe
53,signed_bike_trailer_pet,bike trailer pet,signed,with instructions missing page 2,maybe
53,signed_certificate_laminated,certificate laminated,signed,zip-tied,maybe
53,signed_co_detector,CO detector,signed,with the wrong remote,maybe
53,signed_cup_athletic,cup athletic,signed,full of coins,maybe
53,signed_dealer_shoe,dealer shoe,signed,in a trash bag,maybe
53,signed_felt_board,felt board,signed,with a dead battery,maybe
53,signed_kitchen_timer,kitchen timer,signed,full of coins,maybe
53,signed_litter_genie,litter genie,signed,labeled MOM,maybe
53,signed_master_key_blank,master key blank,signed,from a fire sale,maybe
53,signed_metal_detector_sand,metal detector sand,signed,won at carnival,maybe
53,signed_microscope,microscope,signed,with instructions missing page 2,maybe
53,signed_plaque_employee_month,plaque employee month,signed,from a fire sale,maybe
53,signed_retainer_case,retainer case,signed,taped shut,maybe
53,signed_sewing_form,sewing form,signed,full of sand,maybe
53,signed_shape_sorter,shape sorter,signed,with no power cord,maybe
53,signed_shot_glass_set,shot glass set,signed,labeled DO NOT SELL,yes
53,signed_stink_bomb_pack,stink bomb pack,signed,opened once,maybe
53,signed_teething_ring,teething ring,signed,wrapped in newspaper,maybe
53,signed_violin_case_empty,violin case empty,signed,with mouse droppings,maybe
52,burnt_angle_grinder,angle grinder,burnt,labeled FREE,maybe
52,burnt_aquarium_filter,aquarium filter,burnt,labeled DO NOT SELL,yes
52,burnt_fleece_raw,fleece raw,burnt,glued shut,maybe
52,burnt_grafting_knife,grafting knife,burnt,glued shut,maybe
52,burnt_hygrometer,hygrometer,burnt,from a fire sale,maybe
52,burnt_ledger_book,ledger book,burnt,taped shut,maybe
52,burnt_mask_hockey,mask hockey,burnt,with no power cord,maybe
52,burnt_model_rocket,model rocket,burnt,labeled DO NOT SELL,maybe
52,burnt_napkin_dispenser,napkin dispenser,burnt,labeled MOM,maybe
52,burnt_nightstick_foam,nightstick foam,burnt,with the wrong remote,maybe
52,burnt_safe_dial_practice,safe dial practice,burnt,with a photo,maybe
52,burnt_signed_basketball,signed basketball,burnt,in a trash bag,maybe
52,burnt_spyglass_brass,spyglass brass,burnt,from a flood,yes
52,burnt_telescope,telescope,burnt,with no power cord,maybe
52,burnt_wand_sparkly,wand sparkly,burnt,wrapped in newspaper,maybe
52,dedicated_drafting_set,drafting set,dedicated,labeled MOM,maybe
52,dedicated_evp_recorder,EVP recorder,dedicated,with the wrong remote,maybe
52,dedicated_horseshoe_set,horseshoe set,dedicated,smelling of smoke,maybe
52,dedicated_ice_pack_novelty,ice pack novelty,dedicated,with a receipt,maybe
52,dedicated_ink_well,ink well,dedicated,zip-tied,maybe
52,dedicated_jersey_framed,jersey framed,dedicated,with no power cord,maybe
52,dedicated_pin_cushion_tomato,pin cushion tomato,dedicated,full of sand,maybe
52,dedicated_rabbit_hutch_door,rabbit hutch door,dedicated,smelling of perfume,maybe
52,dedicated_rain_gauge,rain gauge,dedicated,with a dead battery,maybe
52,dedicated_seltzer_bottle,seltzer bottle,dedicated,won at carnival,maybe
52,dedicated_stretcher_fold,stretcher fold,dedicated,full of sand,maybe
52,dedicated_treat_pouch,treat pouch,dedicated,smelling of perfume,maybe
52,expired_bark_collar,bark collar,expired,with the wrong remote,maybe
52,expired_bias_tape,bias tape,expired,in a trash bag,maybe
52,expired_booster_seat,booster seat,expired,in a trash bag,maybe
52,expired_brush_roll,brush roll,expired,with mouse droppings,maybe
52,expired_crystal_ball,crystal ball,expired,zip-tied,yes
52,expired_intercom_handset,intercom handset,expired,full of sand,maybe
52,expired_ledger_book,ledger book,expired,opened once,maybe
52,expired_pill_bottle_empty,pill bottle empty,expired,with a dead battery,maybe
52,expired_scuba_mask,scuba mask,expired,with the wrong remote,maybe
52,expired_slide_rule,slide rule,expired,with the wrong remote,maybe
52,expired_surge_protector_fried,surge protector fried,expired,with a dead battery,maybe
52,expired_vhs_security_tapes,VHS security tapes,expired,with no power cord,maybe
52,expired_watercolor_tin,watercolor tin,expired,in a trash bag,maybe
52,foreclosure_blacksmith_tongs,blacksmith tongs,foreclosure,with the wrong remote,maybe
52,foreclosure_boom_arm,boom arm,foreclosure,in a trash bag,maybe
52,foreclosure_bunsen_burner,bunsen burner,foreclosure,labeled DO NOT SELL,maybe
52,foreclosure_camera_bag_empty,camera bag empty,foreclosure,smelling of perfume,maybe
52,foreclosure_cigar_humidor,cigar humidor,foreclosure,full of coins,maybe
52,foreclosure_coolers_full_of_sand,coolers full of sand,foreclosure,opened once,maybe
52,foreclosure_dat_tape,DAT tape,foreclosure,with no power cord,maybe
52,foreclosure_do_not_disturb_sign,do not disturb sign,foreclosure,with a dead battery,maybe
52,foreclosure_drone_crashed,drone crashed,foreclosure,from a flood,maybe
52,foreclosure_drum_pad,drum pad,foreclosure,with a dead battery,maybe
52,foreclosure_flash_cards,flash cards,foreclosure,smelling of smoke,maybe
52,foreclosure_floppy_box,floppy box,foreclosure,wrapped in newspaper,maybe
52,foreclosure_garden_gnome_army,garden gnome army,foreclosure,with a dead battery,maybe
52,foreclosure_gopro_mount_only,gopro mount only,foreclosure,glued shut,maybe
52,foreclosure_jumper_cables,jumper cables,foreclosure,taped shut,maybe
52,foreclosure_locksmith_picks_set,locksmith picks set,foreclosure,taped shut,maybe
52,foreclosure_microchip_scanner,microchip scanner,foreclosure,full of coins,maybe
52,foreclosure_onesie_mystery,onesie mystery,foreclosure,with no power cord,maybe
52,foreclosure_pool_noodle_bin,pool noodle bin,foreclosure,in a trash bag,maybe
52,foreclosure_resistance_bands,resistance bands,foreclosure,with the wrong remote,maybe
52,foreclosure_roman_candle,roman candle,foreclosure,with mouse droppings,maybe
52,foreclosure_rope_toy_frayed,rope toy frayed,foreclosure,with a note,maybe
52,foreclosure_skeleton_half,skeleton half,foreclosure,smelling of perfume,maybe
52,foreclosure_stilts_pair,stilts pair,foreclosure,padlocked,maybe
52,foreclosure_sugar_caddy,sugar caddy,foreclosure,with a receipt,maybe
52,foreclosure_terrarium,terrarium,foreclosure,with a note,maybe
52,foreclosure_vhs_security_tapes,VHS security tapes,foreclosure,opened once,maybe
52,lab_agility_tunnel,agility tunnel,lab,full of coins,maybe
52,lab_backing_fabric,backing fabric,lab,never opened,maybe
52,lab_bullet_belt_dummy,bullet belt dummy,lab,with a note,maybe
52,lab_carding_brushes,carding brushes,lab,from a fire sale,maybe
52,lab_fake_book_jazz,fake book jazz,lab,full of sand,maybe
52,lab_flash_cards,flash cards,lab,with the wrong remote,maybe
52,lab_hand_buzzer,hand buzzer,lab,labeled FREE,maybe
52,lab_hygrometer,hygrometer,lab,padlocked,maybe
52,lab_jump_rope_weighted,jump rope weighted,lab,from a fire sale,maybe
52,lab_kinetic_sand,kinetic sand,lab,never opened,maybe
52,lab_leash_retractable,leash retractable,lab,with a receipt,maybe
52,lab_moose_plaque,moose plaque,lab,never opened,maybe
52,lab_pallet_jack_toy,pallet jack toy,lab,zip-tied,maybe
52,lab_polaroid_pack_expired,polaroid pack expired,lab,padlocked,maybe
52,lab_quilt_frame,quilt frame,lab,zip-tied,maybe
52,lab_tuxedo_bag,tuxedo bag,lab,labeled MOM,maybe
52,limited_ashtray_tower,ashtray tower,limited,from a fire sale,maybe
52,limited_backing_fabric,backing fabric,limited,full of coins,maybe
52,limited_bunsen_burner,bunsen burner,limited,in a trash bag,maybe
52,limited_canvas_blank,canvas blank,limited,glued shut,maybe
52,limited_cello_broken,cello broken,limited,zip-tied,maybe
52,limited_flintlock_replica,flintlock replica,limited,with no power cord,maybe
52,limited_formula_can_empty,formula can empty,limited,with mouse droppings,maybe
52,limited_garage_opener,garage opener,limited,with no power cord,maybe
52,limited_hand_mixer,hand mixer,limited,padlocked,maybe
52,limited_handcuff_prop,handcuff prop,limited,from a fire sale,maybe
52,limited_hygrometer,hygrometer,limited,labeled FREE,maybe
52,limited_laserdisc,LaserDisc,limited,labeled FREE,maybe
52,limited_night_light_moon,night light moon,limited,full of rice,maybe
52,limited_rackmount_empty,rackmount empty,limited,labeled MOM,maybe
52,limited_soap_dish_shell,soap dish shell,limited,glued shut,maybe
52,limited_sprinkler_oscillating,sprinkler oscillating,limited,labeled DO NOT SELL,maybe
52,limited_unity_candle,unity candle,limited,from a fire sale,maybe
52,limited_walkie_talkie,walkie-talkie,limited,from a fire sale,maybe
52,limited_window_perch,window perch,limited,smelling of perfume,maybe
52,plastic_beetle_pins,beetle pins,plastic,full of rice,maybe
52,plastic_bo_staff,bo staff,plastic,labeled DO NOT SELL,maybe
52,plastic_bongo_pair,bongo pair,plastic,full of sand,maybe
52,plastic_brooder_lamp,brooder lamp,plastic,in a trash bag,yes
52,plastic_calligraphy_set,calligraphy set,plastic,taped shut,maybe
52,plastic_closet_flange,closet flange,plastic,in a trash bag,maybe
52,plastic_cootie_catcher_pack,cootie catcher pack,plastic,with a photo,maybe
52,plastic_defibrillator_prop,defibrillator prop,plastic,with a note,maybe
52,plastic_felt_board,felt board,plastic,never opened,maybe
52,plastic_fish_net,fish net,plastic,labeled DO NOT SELL,maybe
52,plastic_garden_hose_kinked,garden hose kinked,plastic,full of rice,maybe
52,plastic_metal_detector_sand,metal detector sand,plastic,full of sand,maybe
52,plastic_mortar_pharmacy,mortar pharmacy,plastic,zip-tied,maybe
52,plastic_neon_beer_sign,neon beer sign,plastic,full of sand,maybe
52,plastic_powder_puff,powder puff,plastic,with instructions missing page 2,maybe
52,plastic_rabbit_hutch_door,rabbit hutch door,plastic,glued shut,maybe
52,plastic_skull_candle_holder,skull candle holder,plastic,labeled MOM,maybe
52,plastic_sneezing_powder,sneezing powder,plastic,with a dead battery,maybe
52,plastic_soap_dish_shell,soap dish shell,plastic,with a note,maybe
52,plastic_stencil_pack,stencil pack,plastic,never opened,maybe
52,plastic_tongue_scraper,tongue scraper,plastic,with mouse droppings,maybe
52,rusty_circular_saw,circular saw,rusty,smelling of perfume,maybe
52,rusty_coin_sorter,coin sorter,rusty,glued shut,maybe
52,rusty_dominoes_bone,dominoes bone,rusty,labeled FREE,maybe
52,rusty_hand_puppets,hand puppets,rusty,with a receipt,maybe
52,rusty_heating_lamp,heating lamp,rusty,with the wrong remote,yes
52,rusty_katana_display,katana display,rusty,won at carnival,maybe
52,rusty_model_train_set,model train set,rusty,with a receipt,maybe
52,rusty_nunchaku_foam,nunchaku foam,rusty,labeled MOM,maybe
52,rusty_pacifier_collection,pacifier collection,rusty,labeled DO NOT SELL,maybe
52,rusty_parrot_perch,parrot perch,rusty,full of rice,maybe
52,rusty_payphone_handset,payphone handset,rusty,in a trash bag,maybe
52,rusty_pet_stroller,pet stroller,rusty,zip-tied,maybe
52,rusty_punching_bag,punching bag,rusty,opened once,maybe
52,rusty_soda_siphon,soda siphon,rusty,with mouse droppings,maybe
52,rusty_teleprompter_diy,teleprompter DIY,rusty,with instructions missing page 2,maybe
52,rusty_treat_pouch,treat pouch,rusty,with instructions missing page 2,maybe
52,rusty_tweezers_gold,tweezers gold,rusty,never opened,maybe
52,rusty_wedding_dress_boxed,wedding dress boxed,rusty,full of sand,maybe
52,rusty_welding_mask,welding mask,rusty,never opened,maybe
52,rusty_world_time_clock,world time clock,rusty,full of coins,maybe
52,rusty_wrist_guards,wrist guards,rusty,taped shut,maybe
52,school_backdrop_roll,backdrop roll,school,padlocked,maybe
52,school_batting_roll,batting roll,school,smelling of perfume,maybe
52,school_bongo_pair,bongo pair,school,labeled DO NOT SELL,maybe
52,school_candy_thermometer,candy thermometer,school,wrapped in newspaper,maybe
52,school_chuckit_launcher,chuckit launcher,school,with mouse droppings,maybe
52,school_commode_chair,commode chair,school,taped shut,maybe
52,school_conditioner_gallon,conditioner gallon,school,with a photo,maybe
52,school_creamer_cow,creamer cow,school,smelling of smoke,maybe
52,school_harmonica_chrome,harmonica chrome,school,with a receipt,maybe
52,school_label_maker,label maker,school,smelling of smoke,maybe
52,school_litter_genie,litter genie,school,full of coins,maybe
52,school_menorah,menorah,school,padlocked,maybe
52,school_mood_light,mood light,school,won at carnival,maybe
52,school_shell_casing_jar,shell casing jar,school,won at carnival,maybe
52,school_tennis_racket_wood,tennis racket wood,school,zip-tied,maybe
52,school_treat_pouch,treat pouch,school,with a note,maybe
52,signed_ammo_crate_wood,ammo crate wood,signed,smelling of smoke,maybe
52,signed_binoculars,binoculars,signed,with instructions missing page 2,maybe
52,signed_dice_casino,dice casino,signed,glued shut,maybe
52,signed_fish_food_tin,fish food tin,signed,with instructions missing page 2,maybe
52,signed_flare_gun_prop,flare gun prop,signed,with a note,maybe
52,signed_golf_club_set,golf club set,signed,with the wrong remote,maybe
52,signed_mask_venetian,mask Venetian,signed,with instructions missing page 2,maybe
52,signed_nail_kit,nail kit,signed,with a photo,maybe
52,signed_straight_razor,straight razor,signed,from a fire sale,maybe
52,signed_tuxedo_bag,tuxedo bag,signed,never opened,maybe
52,signed_ultrasonic_trainer,ultrasonic trainer,signed,full of rice,maybe
52,signed_vanity_plate,vanity plate,signed,never opened,maybe
51,burnt_activity_gym,activity gym,burnt,zip-tied,maybe
51,burnt_badge_press,badge press,burnt,won at carnival,maybe
51,burnt_bonsai_tools,bonsai tools,burnt,wrapped in newspaper,maybe
51,burnt_eyelash_curler,eyelash curler,burnt,glued shut,maybe
51,burnt_flash_bulb_box,flash bulb box,burnt,zip-tied,maybe
51,burnt_forklift_key,forklift key,burnt,with a receipt,maybe
51,burnt_golf_club_set,golf club set,burnt,opened once,maybe
51,burnt_guest_book,guest book,burnt,with the wrong remote,maybe
51,burnt_hat_box_leather,hat box leather,burnt,with instructions missing page 2,maybe
51,burnt_hemming_bird,hemming bird,burnt,full of coins,maybe
51,burnt_instant_pot_clone,instant pot clone,burnt,padlocked,maybe
51,burnt_laserdisc,LaserDisc,burnt,from a fire sale,maybe
51,burnt_manga_stack,manga stack,burnt,in a trash bag,maybe
51,burnt_maracas,maracas,burnt,never opened,maybe
51,burnt_marquee_letter,marquee letter,burnt,from a flood,maybe
51,burnt_matchbook_collection,matchbook collection,burnt,with the wrong remote,maybe
51,burnt_model_airplane,model airplane,burnt,with a photo,maybe
51,burnt_playpen,playpen,burnt,with a photo,maybe
51,burnt_putty_thinking,putty thinking,burnt,won at carnival,maybe
51,burnt_sea_chest,sea chest,burnt,full of rice,maybe
51,burnt_stethoscope,stethoscope,burnt,with mouse droppings,maybe
51,dedicated_button_maker,button maker,dedicated,wrapped in newspaper,maybe
51,dedicated_cotton_candy_spinner,cotton candy spinner,dedicated,zip-tied,maybe
51,dedicated_cuttlebone,cuttlebone,dedicated,from a fire sale,maybe
51,dedicated_doily_stack,doily stack,dedicated,full of sand,maybe
51,dedicated_glockenspiel,glockenspiel,dedicated,taped shut,maybe
51,dedicated_hospital_tray,hospital tray,dedicated,never opened,maybe
51,dedicated_kong_dirty,kong dirty,dedicated,zip-tied,maybe
51,dedicated_mortar_pharmacy,mortar pharmacy,dedicated,labeled DO NOT SELL,maybe
51,dedicated_mouthwash_novelty,mouthwash novelty,dedicated,padlocked,maybe
51,dedicated_oxygen_mask_demo,oxygen mask demo,dedicated,with a dead battery,maybe
51,dedicated_parachute_toy,parachute toy,dedicated,never opened,maybe
51,dedicated_plaque_employee_month,plaque employee month,dedicated,padlocked,maybe
51,dedicated_pottery_wheel,pottery wheel,dedicated,in a trash bag,maybe
51,dedicated_swing_cradle,swing cradle,dedicated,labeled FREE,maybe
51,dedicated_treasure_map_fake,treasure map fake,dedicated,from a fire sale,maybe
51,dedicated_trunk_steamer,trunk steamer,dedicated,full of coins,maybe
51,expired_arcade_stick,arcade stick,expired,from a fire sale,maybe
51,expired_blanket_chest,blanket chest,expired,full of coins,maybe
51,expired_camera_bag_empty,camera bag empty,expired,glued shut,maybe
51,expired_egg_cup_set,egg cup set,expired,won at carnival,maybe
51,expired_emf_meter_toy,EMF meter toy,expired,padlocked,maybe
51,expired_glaze_bottles,glaze bottles,expired,glued shut,maybe
51,expired_humidifier_fish,humidifier fish,expired,wrapped in newspaper,maybe
51,expired_kite_broken,kite broken,expired,smelling of perfume,maybe
51,expired_life_vest_airline,life vest airline,expired,glued shut,maybe
51,expired_mic_stand,mic stand,expired,never opened,maybe
51,expired_moose_plaque,moose plaque,expired,full of rice,maybe
51,expired_paint_by_numbers,paint by numbers,expired,won at carnival,maybe
51,expired_scanner_flatbed,scanner flatbed,expired,with instructions missing page 2,maybe
51,expired_shower_caddy,shower caddy,expired,full of sand,maybe
51,expired_thermos_giant,thermos giant,expired,won at carnival,maybe
51,expired_toilet_seat_gold,toilet seat gold,expired,with a receipt,maybe
51,foreclosure_activity_gym,activity gym,foreclosure,full of sand,maybe
51,foreclosure_airbrush_kit,airbrush kit,foreclosure,from a flood,maybe
51,foreclosure_cone_of_shame,cone of shame,foreclosure,labeled FREE,maybe
51,foreclosure_fever_strip,fever strip,foreclosure,opened once,maybe
51,foreclosure_first_aid_antique,first aid antique,foreclosure,labeled MOM,maybe
51,foreclosure_glaze_bottles,glaze bottles,foreclosure,smelling of perfume,maybe
51,foreclosure_humidifier_fish,humidifier fish,foreclosure,labeled MOM,maybe
51,foreclosure_modeling_clay,modeling clay,foreclosure,with no power cord,maybe
51,foreclosure_popcorn_machine,popcorn machine,foreclosure,with a dead battery,maybe
51,foreclosure_step_stool_kids,step stool kids,foreclosure,with a dead battery,maybe
51,foreclosure_table_runner,table runner,foreclosure,smelling of perfume,maybe
51,foreclosure_tarot_deck,tarot deck,foreclosure,with mouse droppings,maybe
51,lab_bill_counter,bill counter,lab,wrapped in newspaper,maybe
51,lab_canvas_blank,canvas blank,lab,with the wrong remote,maybe
51,lab_centrifuge_toy,centrifuge toy,lab,labeled MOM,maybe
51,lab_certificate_laminated,certificate laminated,lab,won at carnival,maybe
51,lab_clicker_training,clicker training,lab,labeled DO NOT SELL,maybe
51,lab_crepe_maker,crepe maker,lab,with no power cord,maybe
51,lab_crib_mobile,crib mobile,lab,padlocked,maybe
51,lab_crutches_pair,crutches pair,lab,with instructions missing page 2,maybe
51,lab_crystal_cluster,crystal cluster,lab,smelling of perfume,yes
51,lab_eyelash_curler,eyelash curler,lab,with a note,maybe
51,lab_jersey_framed,jersey framed,lab,never opened,maybe
51,lab_jumperoo,jumperoo,lab,with no power cord,maybe
51,lab_kong_dirty,kong dirty,lab,labeled FREE,maybe
51,lab_mask_venetian,mask Venetian,lab,with a note,maybe
51,lab_military_uniform,military uniform,lab,opened once,maybe
51,lab_pendulum_kit,pendulum kit,lab,glued shut,maybe
51,lab_playdough_dried,playdough dried,lab,from a flood,maybe
51,lab_scale_weighing_pets,scale weighing pets,lab,glued shut,maybe
51,lab_shot_glass_set,shot glass set,lab,full of sand,yes
51,lab_training_dummy,training dummy,lab,with a receipt,maybe
51,lab_trombone_slide,trombone slide,lab,labeled DO NOT SELL,maybe
51,lab_water_bottle_sipper,water bottle sipper,lab,with mouse droppings,maybe
51,limited_aftershave_splash,aftershave splash,limited,full of sand,maybe
51,limited_bib_stack,bib stack,limited,with instructions missing page 2,maybe
51,limited_cake_stand,cake stand,limited,labeled MOM,maybe
51,limited_camping_stove,camping stove,limited,full of rice,maybe
51,limited_cigar_humidor,cigar humidor,limited,opened once,maybe
51,limited_cymbal_cracked,cymbal cracked,limited,full of rice,maybe
51,limited_exercise_bike,exercise bike,limited,with a dead battery,maybe
51,limited_flea_bomb_empty,flea bomb empty,limited,smelling of smoke,maybe
51,limited_foot_spa,foot spa,limited,full of coins,maybe
51,limited_frisbee_dog,frisbee dog,limited,with the wrong remote,maybe
51,limited_hubcap_chrome,hubcap chrome,limited,full of sand,maybe
51,limited_ice_cream_maker,ice cream maker,limited,with the wrong remote,maybe
51,limited_jumperoo,jumperoo,limited,opened once,maybe
51,limited_microscope,microscope,limited,from a flood,maybe
51,limited_oil_lamp_glass,oil lamp glass,limited,glued shut,yes
51,limited_shake_weight,shake weight,limited,smelling of smoke,maybe
51,limited_singing_bowl,singing bowl,limited,won at carnival,maybe
51,limited_tennis_racket_wood,tennis racket wood,limited,labeled FREE,maybe
51,limited_visa_stamp_toy,visa stamp toy,limited,with instructions missing page 2,maybe
51,plastic_bolt_cutters,bolt cutters,plastic,with mouse droppings,maybe
51,plastic_co_detector,CO detector,plastic,glued shut,maybe
51,plastic_equalizer_rack,equalizer rack,plastic,smelling of smoke,maybe
51,plastic_flight_harness,flight harness,plastic,full of sand,maybe
51,plastic_lawn_flamingo_pair,lawn flamingo pair,plastic,smelling of perfume,maybe
51,plastic_night_guard,night guard,plastic,labeled FREE,maybe
51,plastic_prom_dress_bag,prom dress bag,plastic,with instructions missing page 2,maybe
51,plastic_robot_vacuum_dead,robot vacuum dead,plastic,padlocked,maybe
51,plastic_sewing_form,sewing form,plastic,zip-tied,maybe
51,plastic_snorkel_set,snorkel set,plastic,wrapped in newspaper,maybe
51,plastic_teething_ring,teething ring,plastic,labeled MOM,maybe
51,plastic_vr_headset_dusty,VR headset dusty,plastic,zip-tied,maybe
51,rusty_brooder_lamp,brooder lamp,rusty,full of rice,yes
51,rusty_citronella_bucket,citronella bucket,rusty,with no power cord,maybe
51,rusty_coffee_maker,coffee maker,rusty,opened once,maybe
51,rusty_cross_stitch_kit,cross stitch kit,rusty,with no power cord,maybe
51,rusty_cushion_insert,cushion insert,rusty,padlocked,maybe
51,rusty_decanter,decanter,rusty,with a note,maybe
51,rusty_equalizer_rack,equalizer rack,rusty,glued shut,maybe
51,rusty_license_plate,license plate,rusty,smelling of perfume,maybe
51,rusty_lint_roller_pack,lint roller pack,rusty,labeled DO NOT SELL,maybe
51,rusty_massage_chair_pad,massage chair pad,rusty,from a flood,maybe
51,rusty_padlock_collection,padlock collection,rusty,with a receipt,maybe
51,rusty_pressing_cloth,pressing cloth,rusty,from a flood,maybe
51,rusty_recorder_plastic,recorder plastic,rusty,with mouse droppings,maybe
51,rusty_sound_machine,sound machine,rusty,labeled FREE,maybe
51,rusty_spirit_board_cheap,spirit board cheap,rusty,opened once,maybe
51,rusty_test_kit_water,test kit water,rusty,zip-tied,maybe
51,rusty_tongue_scraper,tongue scraper,rusty,labeled MOM,maybe
51,school_deer_antler,deer antler,school,smelling of perfume,maybe
51,school_dehumidifier_dead,dehumidifier dead,school,zip-tied,maybe
51,school_dentist_chair_lamp,dentist chair lamp,school,from a flood,yes
51,school_dvr_dusty,DVR dusty,school,with mouse droppings,maybe
51,school_hacky_sack_jar,hacky sack jar,school,with a photo,maybe
51,school_hair_dryer,hair dryer,school,in a trash bag,maybe
51,school_laminator,laminator,school,with no power cord,maybe
51,school_mouthguard_case,mouthguard case,school,glued shut,maybe
51,school_nebulizer,nebulizer,school,opened once,maybe
51,school_pruning_shears,pruning shears,school,won at carnival,maybe
51,school_punch_card_rack,punch card rack,school,from a fire sale,maybe
51,school_sand_timer_giant,sand timer giant,school,with a receipt,maybe
51,school_seat_belt_pet,seat belt pet,school,in a trash bag,maybe
51,school_slime_jar,slime jar,school,smelling of perfume,maybe
51,school_snake_drain,snake drain,school,never opened,maybe
51,school_tongs_feeding,tongs feeding,school,labeled FREE,maybe
51,school_warehouse_clipboard,warehouse clipboard,school,opened once,maybe
51,signed_air_stone_pack,air stone pack,signed,opened once,maybe
51,signed_anvil_mini,anvil mini,signed,padlocked,maybe
51,signed_atari_2600,Atari 2600,signed,smelling of perfume,maybe
51,signed_compass,compass,signed,full of coins,maybe
51,signed_deep_fryer,deep fryer,signed,with a dead battery,maybe
51,signed_easel_collapsible,easel collapsible,signed,with a receipt,maybe
51,signed_gate_remote,gate remote,signed,smelling of perfume,maybe
51,signed_gi_joe_footlocker,G.I. Joe footlocker,signed,padlocked,maybe
51,signed_hand_mixer,hand mixer,signed,labeled FREE,maybe
51,signed_high_chair,high chair,signed,with a dead battery,maybe
51,signed_lab_flask,lab flask,signed,with a dead battery,maybe
51,signed_live_rock_dry,live rock dry,signed,with mouse droppings,maybe
51,signed_mouthpiece,mouthpiece,signed,full of rice,maybe
51,signed_night_guard,night guard,signed,padlocked,maybe
51,signed_petri_dishes,petri dishes,signed,smelling of smoke,maybe
51,signed_rackmount_empty,rackmount empty,signed,with a dead battery,maybe
51,signed_rosary,rosary,signed,with a dead battery,maybe
51,signed_shuriken_set,shuriken set,signed,with a note,maybe
50,burnt_back_scrubber,back scrubber,burnt,with a dead battery,maybe
50,burnt_badminton_set,badminton set,burnt,with a note,maybe
50,burnt_dat_tape,DAT tape,burnt,opened once,maybe
50,burnt_film_reel,film reel,burnt,padlocked,maybe
50,burnt_footlocker_camp,footlocker camp,burnt,labeled FREE,maybe
50,burnt_hive_frame,hive frame,burnt,full of sand,maybe
50,burnt_humidifier_fish,humidifier fish,burnt,with a dead battery,maybe
50,burnt_meditation_cushion,meditation cushion,burnt,won at carnival,maybe
50,burnt_step_stool_kids,step stool kids,burnt,never opened,maybe
50,burnt_terrarium,terrarium,burnt,from a flood,maybe
50,burnt_ultrasound_photo,ultrasound photo,burnt,labeled MOM,maybe
50,burnt_wrist_guards,wrist guards,burnt,smelling of perfume,maybe
50,dedicated_alphabet_blocks,alphabet blocks,dedicated,with mouse droppings,maybe
50,dedicated_bo_staff,bo staff,dedicated,with a photo,maybe
50,dedicated_hand_truck,hand truck,dedicated,wrapped in newspaper,maybe
50,dedicated_magic_lantern,magic lantern,dedicated,won at carnival,maybe
50,dedicated_name_tag_maker,name tag maker,dedicated,smelling of perfume,maybe
50,dedicated_neon_beer_sign,neon beer sign,dedicated,zip-tied,maybe
50,dedicated_placemat_set,placemat set,dedicated,with a dead battery,maybe
50,dedicated_power_strip_fire,power strip fire,dedicated,from a flood,maybe
50,dedicated_pressing_cloth,pressing cloth,dedicated,glued shut,maybe
50,dedicated_smoke_bombs_novelty,smoke bombs novelty,dedicated,from a flood,maybe
50,dedicated_sneezing_powder,sneezing powder,dedicated,never opened,maybe
50,dedicated_soap_dish_shell,soap dish shell,dedicated,from a flood,maybe
50,dedicated_speed_bag,speed bag,dedicated,full of rice,maybe
50,dedicated_utensil_set_kids,utensil set kids,dedicated,won at carnival,maybe
50,dedicated_yo_yo_collection,yo-yo collection,dedicated,from a flood,maybe
50,expired_action_figure_mint,action figure mint,expired,labeled DO NOT SELL,maybe
50,expired_aquarium_filter,aquarium filter,expired,full of sand,yes
50,expired_chip_carousel,chip carousel,expired,smelling of perfume,maybe
50,expired_cone_of_shame,cone of shame,expired,padlocked,maybe
50,expired_cricket_keeper,cricket keeper,expired,from a fire sale,maybe
50,expired_dice_fuzzy,dice fuzzy,expired,labeled MOM,maybe
50,expired_fake_vomit,fake vomit,expired,with no power cord,maybe
50,expired_gag_teeth,gag teeth,expired,never opened,maybe
50,expired_game_boy,Game Boy,expired,in a trash bag,maybe
50,expired_gopro_mount_only,gopro mount only,expired,with the wrong remote,maybe
50,expired_hat_box_tower,hat box tower,expired,smelling of smoke,maybe
50,expired_ipod_classic,iPod classic,expired,with a receipt,maybe
50,expired_ir_thermometer,IR thermometer,expired,with a photo,maybe
50,expired_jumper_cables,jumper cables,expired,smelling of smoke,maybe
50,expired_license_plate,license plate,expired,from a flood,maybe
50,expired_magic_cards_bulk,Magic cards bulk,expired,labeled FREE,maybe
50,expired_matchbook_collection,matchbook collection,expired,taped shut,maybe
50,expired_meat_grinder,meat grinder,expired,full of rice,maybe
50,expired_medical_dummy,medical dummy,expired,won at carnival,maybe
50,expired_menorah,menorah,expired,full of sand,maybe
50,expired_minidisc_player,MiniDisc player,expired,glued shut,maybe
50,expired_music_box_ballerina,music box ballerina,expired,zip-tied,maybe
50,expired_napkin_dispenser,napkin dispenser,expired,full of rice,maybe
50,expired_prayer_beads,prayer beads,expired,with a note,maybe
50,expired_punching_bag,punching bag,expired,taped shut,maybe
50,expired_stethoscope,stethoscope,expired,in a trash bag,maybe
50,expired_wine_thief,wine thief,expired,with a photo,maybe
50,expired_wrist_guards,wrist guards,expired,with the wrong remote,maybe
50,expired_zipper_bag,zipper bag,expired,with a receipt,maybe
50,foreclosure_bench_vise,bench vise,foreclosure,full of rice,maybe
50,foreclosure_boot_jack,boot jack,foreclosure,padlocked,maybe
50,foreclosure_bottle_ship_broken,bottle ship broken,foreclosure,glued shut,maybe
50,foreclosure_djembe,djembe,foreclosure,smelling of smoke,maybe
50,foreclosure_furniture_dolly,furniture dolly,foreclosure,with the wrong remote,maybe
50,foreclosure_gloves_boxing,gloves boxing,foreclosure,labeled FREE,maybe
50,foreclosure_guinea_pig_castle,guinea pig castle,foreclosure,won at carnival,maybe
50,foreclosure_napkin_rings,napkin rings,foreclosure,from a fire sale,maybe
50,foreclosure_prank_call_book,prank call book,foreclosure,taped shut,maybe
50,foreclosure_pulse_oximeter,pulse oximeter,foreclosure,labeled MOM,maybe
50,foreclosure_rune_stones,rune stones,foreclosure,full of coins,maybe
50,foreclosure_sling_wrap,sling wrap,foreclosure,from a flood,maybe
50,foreclosure_soda_siphon,soda siphon,foreclosure,wrapped in newspaper,maybe
50,foreclosure_teleprompter_diy,teleprompter DIY,foreclosure,with a receipt,maybe
50,foreclosure_toilet_auger,toilet auger,foreclosure,smelling of perfume,maybe
50,foreclosure_training_dummy,training dummy,foreclosure,with instructions missing page 2,maybe
50,foreclosure_tuba_kids,tuba kids,foreclosure,with a receipt,maybe
50,lab_cake_stand,cake stand,lab,wrapped in newspaper,maybe
50,lab_candelabra,candelabra,lab,full of rice,maybe
50,lab_chess_set_ivory_fake,chess set ivory fake,lab,labeled DO NOT SELL,maybe
50,lab_coaster_cork,coaster cork,lab,with a photo,maybe
50,lab_fabric_shaver,fabric shaver,lab,taped shut,maybe
50,lab_flight_harness,flight harness,lab,labeled FREE,maybe
50,lab_hospital_tray,hospital tray,lab,full of rice,maybe
50,lab_life_ring,life ring,lab,labeled DO NOT SELL,maybe
50,lab_marionette,marionette,lab,with no power cord,maybe
50,lab_opera_glasses,opera glasses,lab,smelling of smoke,yes
50,lab_ph_meter,pH meter,lab,won at carnival,maybe
50,lab_pin_cushion_tomato,pin cushion tomato,lab,padlocked,maybe
50,lab_skate_helmet,skate helmet,lab,smelling of smoke,maybe
50,lab_snorkel_set,snorkel set,lab,with mouse droppings,maybe
50,lab_t_square,T-square,lab,labeled DO NOT SELL,maybe
50,lab_torch_kit,torch kit,lab,zip-tied,maybe
50,lab_window_perch,window perch,lab,glued shut,maybe
50,limited_cootie_catcher_pack,cootie catcher pack,limited,zip-tied,maybe
50,limited_flute_school,flute school,limited,padlocked,maybe
50,limited_frisbee_glow,frisbee glow,limited,wrapped in newspaper,maybe
50,limited_ironing_board,ironing board,limited,with mouse droppings,maybe
50,limited_magic_8_ball,magic 8 ball,limited,with a note,maybe
50,limited_mister_bottle,mister bottle,limited,labeled DO NOT SELL,maybe
50,limited_sparkler_box,sparkler box,limited,with no power cord,maybe
50,limited_stink_bomb_pack,stink bomb pack,limited,with no power cord,maybe
50,limited_syquest_cartridge,SyQuest cartridge,limited,with instructions missing page 2,maybe
50,limited_syringe_prop,syringe prop,limited,glued shut,maybe
50,plastic_birth_certificate_frame,birth certificate frame,plastic,with the wrong remote,maybe
50,plastic_captain_hat,captain hat,plastic,with no power cord,maybe
50,plastic_dentist_chair_lamp,dentist chair lamp,plastic,smelling of perfume,yes
50,plastic_high_chair,high chair,plastic,never opened,maybe
50,plastic_loom_mini,loom mini,plastic,with instructions missing page 2,maybe
50,plastic_mealworm_farm,mealworm farm,plastic,smelling of smoke,maybe
50,plastic_panini_press,panini press,plastic,from a flood,maybe
50,plastic_pendulum_kit,pendulum kit,plastic,from a flood,maybe
50,plastic_pet_id_tag_engraver,pet ID tag engraver,plastic,labeled DO NOT SELL,maybe
50,plastic_petri_dishes,petri dishes,plastic,taped shut,maybe
50,plastic_ph_meter,pH meter,plastic,labeled DO NOT SELL,maybe
50,plastic_piñata_empty,piñata empty,plastic,glued shut,maybe
50,plastic_punch_card_deck,punch card deck,plastic,with the wrong remote,maybe
50,plastic_sock_puppet_kit,sock puppet kit,plastic,padlocked,maybe
50,plastic_tennis_racket_wood,tennis racket wood,plastic,won at carnival,maybe
50,plastic_tire_iron,tire iron,plastic,with mouse droppings,maybe
50,rusty_bolt_cutters,bolt cutters,rusty,labeled MOM,maybe
50,rusty_breast_pump,breast pump,rusty,full of coins,maybe
50,rusty_butterfly_case,butterfly case,rusty,smelling of smoke,maybe
50,rusty_evp_recorder,EVP recorder,rusty,with a note,maybe
50,rusty_kaleidoscope,kaleidoscope,rusty,with mouse droppings,maybe
50,rusty_laminator,laminator,rusty,smelling of smoke,maybe
50,rusty_life_vest,life vest,rusty,with instructions missing page 2,maybe
50,rusty_mousetrap_pack,mousetrap pack,rusty,smelling of perfume,maybe
50,rusty_unicycle,unicycle,rusty,with no power cord,maybe
50,rusty_x_ray_specs,x-ray specs,rusty,opened once,maybe
50,school_boomerang,boomerang,school,padlocked,maybe
50,school_calligraphy_set,calligraphy set,school,with the wrong remote,maybe
50,school_cape_velvet,cape velvet,school,won at carnival,maybe
50,school_co_detector,CO detector,school,with a note,maybe
50,school_cookbook_stained,cookbook stained,school,with no power cord,maybe
50,school_ghost_detector,ghost detector,school,wrapped in newspaper,maybe
50,school_globe_stand,globe stand,school,smelling of smoke,yes
50,school_hot_water_bottle,hot water bottle,school,with mouse droppings,maybe
50,school_ice_pack_novelty,ice pack novelty,school,from a fire sale,maybe
50,school_knee_pads,knee pads,school,in a trash bag,maybe
50,school_life_vest,life vest,school,with a note,maybe
50,school_mask_gas_antique,mask gas antique,school,in a trash bag,maybe
50,school_pager,pager,school,labeled FREE,maybe
50,school_pet_stroller,pet stroller,school,won at carnival,maybe
50,school_porthole_frame,porthole frame,school,with a note,maybe
50,school_toast_rack,toast rack,school,from a flood,maybe
50,school_ups_battery,UPS battery,school,with a photo,maybe
50,school_yoga_block,yoga block,school,labeled MOM,maybe
50,signed_car_battery,car battery,signed,from a fire sale,maybe
50,signed_compact_mirror,compact mirror,signed,taped shut,maybe
50,signed_corkscrew_fancy,corkscrew fancy,signed,full of coins,maybe
50,signed_dress_form_adjustable,dress form adjustable,signed,smelling of perfume,maybe
50,signed_fiber_optic_lamp,fiber optic lamp,signed,with instructions missing page 2,yes
50,signed_hotel_soap_crate,hotel soap crate,signed,smelling of perfume,maybe
50,signed_jumperoo,jumperoo,signed,smelling of smoke,maybe
50,signed_lucky_cat,lucky cat,signed,smelling of smoke,maybe
50,signed_mealworm_farm,mealworm farm,signed,opened once,maybe
50,signed_mortar_pharmacy,mortar pharmacy,signed,full of sand,maybe
50,signed_muzzle_soft,muzzle soft,signed,with mouse droppings,maybe
50,signed_name_tag_maker,name tag maker,signed,with the wrong remote,maybe
50,signed_prom_dress_bag,prom dress bag,signed,from a flood,maybe
50,signed_roulette_wheel_toy,roulette wheel toy,signed,with a dead battery,maybe
50,signed_shower_head_rain,shower head rain,signed,labeled MOM,maybe
50,signed_singing_bowl,singing bowl,signed,full of sand,maybe
50,signed_throw_blanket,throw blanket,signed,with the wrong remote,maybe
50,signed_toast_rack,toast rack,signed,glued shut,maybe
50,signed_top_hat_rabbit,top hat rabbit,signed,taped shut,maybe
50,signed_torch_kit,torch kit,signed,with a photo,maybe
49,burnt_clicker_training,clicker training,burnt,full of sand,maybe
49,burnt_crucifix_wall,crucifix wall,burnt,with a photo,maybe
49,burnt_dreamcatcher,dreamcatcher,burnt,taped shut,maybe
49,burnt_fly_swatter_set,fly swatter set,burnt,labeled FREE,maybe
49,burnt_iv_stand,IV stand,burnt,labeled DO NOT SELL,maybe
49,burnt_macrame_plant,macrame plant,burnt,labeled FREE,maybe
49,burnt_prayer_beads,prayer beads,burnt,with instructions missing page 2,maybe
49,burnt_throw_blanket,throw blanket,burnt,opened once,maybe
49,burnt_torch_tiki,torch tiki,burnt,with instructions missing page 2,maybe
49,burnt_tuxedo_bag,tuxedo bag,burnt,full of rice,maybe
49,dedicated_airline_sick_bag,airline sick bag,dedicated,in a trash bag,maybe
49,dedicated_alarm_clock_windup,alarm clock windup,dedicated,glued shut,maybe
49,dedicated_baby_monitor_crt,baby monitor CRT,dedicated,opened once,maybe
49,dedicated_baseball_cards_shoe_box,baseball cards shoe box,dedicated,glued shut,maybe
49,dedicated_cake_stand,cake stand,dedicated,full of coins,maybe
49,dedicated_egg_incubator,egg incubator,dedicated,from a fire sale,maybe
49,dedicated_fish_net,fish net,dedicated,with a photo,maybe
49,dedicated_hotel_soap_crate,hotel soap crate,dedicated,from a flood,maybe
49,dedicated_incense_burner,incense burner,dedicated,with mouse droppings,maybe
49,dedicated_lawn_flamingo_pair,lawn flamingo pair,dedicated,with a note,maybe
49,dedicated_music_stand,music stand,dedicated,with a photo,maybe
49,dedicated_pill_bottle_empty,pill bottle empty,dedicated,with mouse droppings,maybe
49,dedicated_rosary,rosary,dedicated,full of coins,maybe
49,dedicated_slow_cooker,slow cooker,dedicated,with mouse droppings,maybe
49,dedicated_stacking_rings,stacking rings,dedicated,with a note,maybe
49,dedicated_whoopee_remote,whoopee remote,dedicated,padlocked,maybe
49,dedicated_yoga_block,yoga block,dedicated,wrapped in newspaper,maybe
49,expired_cb_radio,CB radio,expired,taped shut,maybe
49,expired_clarinet,clarinet,expired,with the wrong remote,maybe
49,expired_coolers_full_of_sand,coolers full of sand,expired,with no power cord,maybe
49,expired_crucifix_wall,crucifix wall,expired,zip-tied,maybe
49,expired_garter,garter,expired,with instructions missing page 2,maybe
49,expired_heating_lamp,heating lamp,expired,smelling of perfume,yes
49,expired_kendama,kendama,expired,with a dead battery,maybe
49,expired_lanyard_bin,lanyard bin,expired,wrapped in newspaper,maybe
49,expired_mixing_board,mixing board,expired,from a fire sale,maybe
49,expired_newton_cradle,newton cradle,expired,padlocked,maybe
49,expired_pie_weights,pie weights,expired,with a note,maybe
49,expired_rice_cooker,rice cooker,expired,opened once,maybe
49,expired_sheet_music_binder,sheet music binder,expired,with instructions missing page 2,maybe
49,expired_sleeve_board,sleeve board,expired,labeled FREE,maybe
49,expired_syringe_prop,syringe prop,expired,opened once,maybe
49,expired_wheelchair_fold,wheelchair fold,expired,with no power cord,maybe
49,foreclosure_amp_head,amp head,foreclosure,with a note,maybe
49,foreclosure_balloon_animal_kit,balloon animal kit,foreclosure,labeled MOM,maybe
49,foreclosure_camping_stove,camping stove,foreclosure,in a trash bag,maybe
49,foreclosure_clicker_training,clicker training,foreclosure,won at carnival,maybe
49,foreclosure_customs_form_pad,customs form pad,foreclosure,with no power cord,maybe
49,foreclosure_desk_bell,desk bell,foreclosure,in a trash bag,maybe
49,foreclosure_dip_pen_set,dip pen set,foreclosure,with a dead battery,maybe
49,foreclosure_earplugs_jar,earplugs jar,foreclosure,with the wrong remote,maybe
49,foreclosure_hemming_bird,hemming bird,foreclosure,never opened,maybe
49,foreclosure_mres_expired,MREs expired,foreclosure,with instructions missing page 2,maybe
49,foreclosure_patch_bay,patch bay,foreclosure,labeled DO NOT SELL,maybe
49,foreclosure_puppet_theater,puppet theater,foreclosure,labeled DO NOT SELL,maybe
49,foreclosure_salt_mix_bucket,salt mix bucket,foreclosure,labeled FREE,maybe
49,foreclosure_shampoo_sample_bin,shampoo sample bin,foreclosure,never opened,maybe
49,foreclosure_snake_skin_shed,snake skin shed,foreclosure,with no power cord,maybe
49,foreclosure_test_tube_rack,test tube rack,foreclosure,padlocked,maybe
49,foreclosure_thermos_giant,thermos giant,foreclosure,full of sand,maybe
49,foreclosure_toothbrush_holder,toothbrush holder,foreclosure,never opened,maybe
49,foreclosure_wrist_guards,wrist guards,foreclosure,glued shut,maybe
49,lab_ant_bait,ant bait,lab,from a fire sale,maybe
49,lab_bath_pillow,bath pillow,lab,labeled FREE,maybe
49,lab_bodycam_fake,bodycam fake,lab,smelling of smoke,maybe
49,lab_button_tin,button tin,lab,with a photo,maybe
49,lab_callus_grater,callus grater,lab,with mouse droppings,maybe
49,lab_corkscrew_fancy,corkscrew fancy,lab,with a dead battery,maybe
49,lab_deodorant_stone,deodorant stone,lab,labeled MOM,maybe
49,lab_kalimba,kalimba,lab,wrapped in newspaper,maybe
49,lab_magic_8_ball,magic 8 ball,lab,smelling of perfume,maybe
49,lab_meditation_cushion,meditation cushion,lab,zip-tied,maybe
49,lab_metal_detector,metal detector,lab,full of sand,maybe
49,lab_nail_kit,nail kit,lab,zip-tied,maybe
49,lab_notary_stamp_fake,notary stamp fake,lab,never opened,maybe
49,lab_pulse_oximeter,pulse oximeter,lab,full of coins,maybe
49,lab_rackmount_empty,rackmount empty,lab,wrapped in newspaper,maybe
49,lab_scanner_flatbed,scanner flatbed,lab,from a fire sale,maybe
49,lab_speed_bag,speed bag,lab,in a trash bag,maybe
49,lab_sprinkler_oscillating,sprinkler oscillating,lab,zip-tied,maybe
49,lab_wipe_warmer,wipe warmer,lab,full of sand,maybe
49,limited_alarm_clock_windup,alarm clock windup,limited,taped shut,maybe
49,limited_ammo_can_empty,ammo can empty,limited,never opened,maybe
49,limited_answering_machine,answering machine,limited,smelling of perfume,maybe
49,limited_calligraphy_set,calligraphy set,limited,opened once,maybe
49,limited_compact_mirror,compact mirror,limited,smelling of smoke,maybe
49,limited_crucifix_wall,crucifix wall,limited,in a trash bag,maybe
49,limited_kalimba,kalimba,limited,labeled MOM,maybe
49,limited_latch_hook_kit,latch hook kit,limited,in a trash bag,maybe
49,limited_mortar_pestle,mortar pestle,limited,taped shut,maybe
49,limited_prom_dress_bag,prom dress bag,limited,with a note,maybe
49,limited_rat_trap,rat trap,limited,with a dead battery,maybe
49,limited_ship_clock,ship clock,limited,with instructions missing page 2,maybe
49,limited_shuriken_set,shuriken set,limited,smelling of perfume,maybe
49,limited_survival_kit,survival kit,limited,full of sand,maybe
49,limited_torch_kit,torch kit,limited,labeled DO NOT SELL,maybe
49,plastic_acrylic_set,acrylic set,plastic,opened once,maybe
49,plastic_bath_thermometer,bath thermometer,plastic,in a trash bag,maybe
49,plastic_chalkboard_easel,chalkboard easel,plastic,zip-tied,maybe
49,plastic_cotton_candy_spinner,cotton candy spinner,plastic,full of sand,maybe
49,plastic_flintlock_replica,flintlock replica,plastic,smelling of smoke,maybe
49,plastic_guitar_pedalboard,guitar pedalboard,plastic,full of sand,maybe
49,plastic_heat_rock,heat rock,plastic,with a dead battery,maybe
49,plastic_kong_dirty,kong dirty,plastic,full of sand,maybe
49,plastic_laserdisc,LaserDisc,plastic,won at carnival,maybe
49,plastic_parachute_toy,parachute toy,plastic,with a dead battery,maybe
49,plastic_red_light_panel,red light panel,plastic,with a dead battery,maybe
49,plastic_selfie_stick,selfie stick,plastic,wrapped in newspaper,maybe
49,plastic_uv_nail_lamp,UV nail lamp,plastic,with a note,yes
49,plastic_wind_chime,wind chime,plastic,from a fire sale,maybe
49,rusty_bike_lock,bike lock,rusty,in a trash bag,maybe
49,rusty_cb_radio,CB radio,rusty,opened once,maybe
49,rusty_cheer_megaphone,cheer megaphone,rusty,smelling of smoke,maybe
49,rusty_footlocker_camp,footlocker camp,rusty,with a receipt,maybe
49,rusty_garden_hose_kinked,garden hose kinked,rusty,never opened,maybe
49,rusty_harness_dog,harness dog,rusty,opened once,maybe
49,rusty_mezuzah,mezuzah,rusty,with a receipt,maybe
49,rusty_mood_light,mood light,rusty,zip-tied,maybe
49,rusty_newton_cradle,newton cradle,rusty,from a fire sale,maybe
49,rusty_rabbit_hutch_door,rabbit hutch door,rusty,with instructions missing page 2,maybe
49,rusty_rc_helicopter,RC helicopter,rusty,with no power cord,maybe
49,rusty_score_sheet_stack,score sheet stack,rusty,with a dead battery,maybe
49,rusty_selfie_stick,selfie stick,rusty,full of coins,maybe
49,rusty_sextant,sextant,rusty,zip-tied,maybe
49,rusty_soaker_hose,soaker hose,rusty,from a flood,maybe
49,rusty_trunk_steamer,trunk steamer,rusty,with no power cord,maybe
49,rusty_utensil_set_kids,utensil set kids,rusty,labeled DO NOT SELL,maybe
49,rusty_window_ac_unit,window AC unit,rusty,with the wrong remote,maybe
49,school_bird_bath,bird bath,school,labeled DO NOT SELL,maybe
49,school_candle_sticks_brass,candle sticks brass,school,taped shut,maybe
49,school_croquet_mallet,croquet mallet,school,never opened,maybe
49,school_cutlass_foam,cutlass foam,school,full of coins,maybe
49,school_doily_stack,doily stack,school,zip-tied,maybe
49,school_evp_recorder,EVP recorder,school,glued shut,maybe
49,school_gate_remote,gate remote,school,with instructions missing page 2,maybe
49,school_hand_truck,hand truck,school,labeled MOM,maybe
49,school_kitchen_timer,kitchen timer,school,with no power cord,maybe
49,school_makeup_case,makeup case,school,won at carnival,maybe
49,school_piñata_empty,piñata empty,school,with a note,maybe
49,school_pressure_cooker,pressure cooker,school,with a dead battery,maybe
49,school_tongue_scraper,tongue scraper,school,full of rice,maybe
49,school_trampoline_mini,trampoline mini,school,with the wrong remote,maybe
49,school_tripod_broken,tripod broken,school,taped shut,maybe
49,school_utensil_set_kids,utensil set kids,school,full of sand,maybe
49,signed_anchor_paperweight,anchor paperweight,signed,full of rice,maybe
49,signed_confetti_cannon,confetti cannon,signed,full of rice,maybe
49,signed_elizabethan_collar,elizabethan collar,signed,taped shut,maybe
49,signed_flight_harness,flight harness,signed,won at carnival,maybe
49,signed_grafting_knife,grafting knife,signed,with instructions missing page 2,maybe
49,signed_loom_mini,loom mini,signed,from a flood,maybe
49,signed_mister_bottle,mister bottle,signed,with a photo,maybe
49,signed_mouthwash_novelty,mouthwash novelty,signed,from a fire sale,maybe
49,signed_night_light_moon,night light moon,signed,wrapped in newspaper,maybe
49,signed_night_vision_goggles,night vision goggles,signed,full of coins,maybe
49,signed_oxygen_mask_demo,oxygen mask demo,signed,wrapped in newspaper,maybe
49,signed_pa_speaker,PA speaker,signed,in a trash bag,maybe
49,signed_panini_press,panini press,signed,with a note,maybe
49,signed_ph_meter,pH meter,signed,zip-tied,maybe
49,signed_rain_gauge,rain gauge,signed,wrapped in newspaper,maybe
49,signed_scrapbook_kit,scrapbook kit,signed,labeled DO NOT SELL,maybe
49,signed_slide_projector,slide projector,signed,in a trash bag,maybe
49,signed_steel_drum,steel drum,signed,in a trash bag,maybe
49,signed_suitcase_spinner_dead,suitcase spinner dead,signed,smelling of perfume,maybe
49,signed_wind_chime,wind chime,signed,with a receipt,maybe
48,burnt_airbrush_kit,airbrush kit,burnt,with instructions missing page 2,maybe
48,burnt_baby_carrier,baby carrier,burnt,padlocked,maybe
48,burnt_chip_carousel,chip carousel,burnt,from a flood,maybe
48,burnt_crib_mobile,crib mobile,burnt,from a fire sale,maybe
48,burnt_dot_matrix,dot matrix,burnt,won at carnival,maybe
48,burnt_egg_candler,egg candler,burnt,smelling of smoke,maybe
48,burnt_foam_finger,foam finger,burnt,won at carnival,maybe
48,burnt_garden_gnome_army,garden gnome army,burnt,never opened,maybe
48,burnt_inhaler_spacer,inhaler spacer,burnt,in a trash bag,maybe
48,burnt_intercom_handset,intercom handset,burnt,labeled DO NOT SELL,maybe
48,burnt_kendama,kendama,burnt,full of coins,maybe
48,burnt_lantern_railroad,lantern railroad,burnt,full of coins,maybe
48,burnt_magic_8_ball,magic 8 ball,burnt,with the wrong remote,maybe
48,burnt_manicure_set,manicure set,burnt,with a receipt,maybe
48,burnt_pillow_form,pillow form,burnt,in a trash bag,maybe
48,burnt_quilt_frame,quilt frame,burnt,won at carnival,maybe
48,burnt_swamp_cooler,swamp cooler,burnt,with mouse droppings,maybe
48,burnt_tuba_kids,tuba kids,burnt,from a fire sale,maybe
48,dedicated_air_fryer,air fryer,dedicated,taped shut,maybe
48,dedicated_barometer,barometer,dedicated,in a trash bag,maybe
48,dedicated_bidet_attachment,bidet attachment,dedicated,smelling of smoke,maybe
48,dedicated_birth_certificate_frame,birth certificate frame,dedicated,glued shut,maybe
48,dedicated_bongo_pair,bongo pair,dedicated,zip-tied,maybe
48,dedicated_cushion_insert,cushion insert,dedicated,with a receipt,maybe
48,dedicated_fountain_pen,fountain pen,dedicated,with a note,maybe
48,dedicated_hand_mixer,hand mixer,dedicated,won at carnival,maybe
48,dedicated_handcuff_prop,handcuff prop,dedicated,labeled FREE,maybe
48,dedicated_mouthpiece,mouthpiece,dedicated,labeled MOM,maybe
48,dedicated_tennis_racket_wood,tennis racket wood,dedicated,full of sand,maybe
48,dedicated_toothpick_dispenser,toothpick dispenser,dedicated,in a trash bag,maybe
48,dedicated_tweezers_gold,tweezers gold,dedicated,wrapped in newspaper,maybe
48,dedicated_typewriter_ribbon,typewriter ribbon,dedicated,never opened,maybe
48,dedicated_ultrasonic_trainer,ultrasonic trainer,dedicated,labeled MOM,maybe
48,dedicated_xlr_snake,XLR snake,dedicated,with instructions missing page 2,maybe
48,expired_blackjack_table_toy,blackjack table toy,expired,from a fire sale,maybe
48,expired_duffel_army,duffel army,expired,with a dead battery,maybe
48,expired_egg_candler,egg candler,expired,with no power cord,maybe
48,expired_film_reel,film reel,expired,from a fire sale,maybe
48,expired_geiger_counter,Geiger counter,expired,with instructions missing page 2,maybe
48,expired_gravel_vacuum,gravel vacuum,expired,from a flood,maybe
48,expired_hair_dryer,hair dryer,expired,full of rice,maybe
48,expired_hope_chest,hope chest,expired,labeled DO NOT SELL,maybe
48,expired_hotel_key_board,hotel key board,expired,won at carnival,maybe
48,expired_lawn_dart_banned,lawn dart banned,expired,with a receipt,maybe
48,expired_magnetic_letters,magnetic letters,expired,with a note,maybe
48,expired_recipe_box,recipe box,expired,with a photo,maybe
48,expired_recorder_plastic,recorder plastic,expired,full of rice,maybe
48,expired_spinning_wheel,spinning wheel,expired,full of coins,maybe
48,expired_spirit_board_cheap,spirit board cheap,expired,taped shut,maybe
48,expired_terrarium,terrarium,expired,smelling of perfume,maybe
48,expired_vinyl_record,vinyl record,expired,padlocked,maybe
48,foreclosure_chess_set_ivory_fake,chess set ivory fake,foreclosure,won at carnival,maybe
48,foreclosure_crucifix_wall,crucifix wall,foreclosure,labeled DO NOT SELL,maybe
48,foreclosure_cymbal_cracked,cymbal cracked,foreclosure,in a trash bag,maybe
48,foreclosure_embroidery_hoop,embroidery hoop,foreclosure,from a flood,maybe
48,foreclosure_joy_buzzer_box,joy buzzer box,foreclosure,with a note,maybe
48,foreclosure_keg_tap,keg tap,foreclosure,with no power cord,maybe
48,foreclosure_ledger_book,ledger book,foreclosure,smelling of smoke,maybe
48,foreclosure_lipstick_bullet,lipstick bullet,foreclosure,full of rice,maybe
48,foreclosure_minidisc_player,MiniDisc player,foreclosure,smelling of perfume,maybe
48,foreclosure_muffin_tin,muffin tin,foreclosure,with a dead battery,maybe
48,foreclosure_pet_stairs,pet stairs,foreclosure,full of rice,maybe
48,foreclosure_rubber_duck_army,rubber duck army,foreclosure,opened once,maybe
48,foreclosure_scrapbook_wedding,scrapbook wedding,foreclosure,with no power cord,maybe
48,lab_alarm_keypad,alarm keypad,lab,labeled FREE,maybe
48,lab_ashtray_tower,ashtray tower,lab,with a receipt,maybe
48,lab_balloon_animal_kit,balloon animal kit,lab,full of coins,maybe
48,lab_blacksmith_tongs,blacksmith tongs,lab,with a note,maybe
48,lab_blender,blender,lab,with a receipt,maybe
48,lab_confetti_cannon,confetti cannon,lab,with mouse droppings,maybe
48,lab_fire_extinguisher,fire extinguisher,lab,with mouse droppings,maybe
48,lab_ice_bag_rubber,ice bag rubber,lab,labeled FREE,maybe
48,lab_night_vision_goggles,night vision goggles,lab,with a dead battery,maybe
48,lab_paint_by_numbers,paint by numbers,lab,with a photo,maybe
48,lab_ribbon_blue,ribbon blue,lab,glued shut,maybe
48,lab_space_heater,space heater,lab,with instructions missing page 2,maybe
48,limited_baby_carrier,baby carrier,limited,won at carnival,maybe
48,limited_button_maker,button maker,limited,with mouse droppings,maybe
48,limited_champagne_flutes,champagne flutes,limited,opened once,maybe
48,limited_fiber_optic_lamp,fiber optic lamp,limited,from a flood,yes
48,limited_ketchup_pump,ketchup pump,limited,with instructions missing page 2,maybe
48,limited_lucky_cat,lucky cat,limited,opened once,maybe
48,limited_marionette,marionette,limited,opened once,maybe
48,limited_orchid_pot,orchid pot,limited,smelling of smoke,maybe
48,limited_petri_dishes,petri dishes,limited,opened once,maybe
48,limited_pull_tab_opener,pull-tab opener,limited,smelling of perfume,maybe
48,limited_rosary,rosary,limited,labeled MOM,maybe
48,limited_suitcase_spinner_dead,suitcase spinner dead,limited,glued shut,maybe
48,limited_teething_ring,teething ring,limited,full of rice,maybe
48,limited_torch_tiki,torch tiki,limited,with a receipt,maybe
48,limited_wine_barrel_bung,wine barrel bung,limited,with a photo,maybe
48,limited_wipe_warmer,wipe warmer,limited,zip-tied,maybe
48,limited_xlr_snake,XLR snake,limited,smelling of perfume,maybe
48,plastic_action_figure_loose,action figure loose,plastic,with instructions missing page 2,maybe
48,plastic_ammo_crate_wood,ammo crate wood,plastic,taped shut,maybe
48,plastic_button_maker,button maker,plastic,full of rice,maybe
48,plastic_carding_brushes,carding brushes,plastic,labeled FREE,maybe
48,plastic_ceramics_greenware,ceramics greenware,plastic,labeled MOM,maybe
48,plastic_chain_and_lock,chain and lock,plastic,taped shut,maybe
48,plastic_choir_robe,choir robe,plastic,padlocked,maybe
48,plastic_crutches_pair,crutches pair,plastic,with a receipt,maybe
48,plastic_horseshoe_set,horseshoe set,plastic,opened once,maybe
48,plastic_ken_torso,Ken torso,plastic,with a photo,maybe
48,plastic_overhead_projector,overhead projector,plastic,smelling of smoke,maybe
48,plastic_payphone_handset,payphone handset,plastic,labeled DO NOT SELL,maybe
48,plastic_roulette_wheel_toy,roulette wheel toy,plastic,never opened,maybe
48,plastic_seed_vault,seed vault,plastic,full of coins,maybe
48,plastic_shoe_polish_kit,shoe polish kit,plastic,taped shut,maybe
48,plastic_stress_ball_face,stress ball face,plastic,full of rice,maybe
48,plastic_trailer_hitch_ball,trailer hitch ball,plastic,with instructions missing page 2,maybe
48,plastic_triangle_music,triangle music,plastic,with no power cord,maybe
48,plastic_vaporizer_antique,vaporizer antique,plastic,glued shut,maybe
48,plastic_window_perch,window perch,plastic,from a flood,maybe
48,rusty_algae_scraper,algae scraper,rusty,labeled MOM,maybe
48,rusty_baseball_cards_shoe_box,baseball cards shoe box,rusty,from a flood,maybe
48,rusty_candy_thermometer,candy thermometer,rusty,with a dead battery,maybe
48,rusty_catio_panel,catio panel,rusty,labeled MOM,maybe
48,rusty_coral_frag_rack,coral frag rack,rusty,opened once,maybe
48,rusty_do_not_disturb_sign,do not disturb sign,rusty,full of rice,maybe
48,rusty_drafting_set,drafting set,rusty,full of coins,maybe
48,rusty_electric_toothbrush,electric toothbrush,rusty,smelling of perfume,maybe
48,rusty_entrenching_tool,entrenching tool,rusty,from a fire sale,maybe
48,rusty_fleece_raw,fleece raw,rusty,smelling of smoke,maybe
48,rusty_geode_half,geode half,rusty,with a dead battery,maybe
48,rusty_hive_frame,hive frame,rusty,padlocked,maybe
48,rusty_meat_grinder,meat grinder,rusty,with mouse droppings,maybe
48,rusty_music_stand,music stand,rusty,in a trash bag,maybe
48,rusty_oxygen_bottle_prop,oxygen bottle prop,rusty,taped shut,maybe
48,rusty_patch_bay,patch bay,rusty,won at carnival,maybe
48,rusty_pill_bottle_empty,pill bottle empty,rusty,wrapped in newspaper,maybe
48,rusty_poker_chip_rack,poker chip rack,rusty,glued shut,maybe
48,rusty_porthole_frame,porthole frame,rusty,with instructions missing page 2,maybe
48,rusty_protractor_set,protractor set,rusty,with instructions missing page 2,maybe
48,rusty_raclette_grill,raclette grill,rusty,with instructions missing page 2,maybe
48,rusty_rooting_hormone,rooting hormone,rusty,never opened,maybe
48,rusty_salt_mix_bucket,salt mix bucket,rusty,from a fire sale,maybe
48,rusty_seltzer_bottle,seltzer bottle,rusty,labeled DO NOT SELL,maybe
48,rusty_thermometer_ear,thermometer ear,rusty,with a photo,maybe
48,rusty_tongs_feeding,tongs feeding,rusty,won at carnival,maybe
48,school_baby_monitor_crt,baby monitor CRT,school,smelling of smoke,maybe
48,school_baby_shoes_bronze,baby shoes bronze,school,with a receipt,maybe
48,school_flute_school,flute school,school,full of sand,maybe
48,school_lantern_camping,lantern camping,school,with a photo,maybe
48,school_plaque_employee_month,plaque employee month,school,labeled FREE,maybe
48,school_power_strip_fire,power strip fire,school,with instructions missing page 2,maybe
48,school_razor_safety,razor safety,school,with a photo,maybe
48,school_selfie_stick,selfie stick,school,with a dead battery,maybe
48,school_smoke_bombs_novelty,smoke bombs novelty,school,with instructions missing page 2,maybe
48,school_stadium_seat,stadium seat,school,smelling of perfume,maybe
48,school_weather_house,weather house,school,smelling of smoke,maybe
48,school_yarn_skein_bin,yarn skein bin,school,with the wrong remote,maybe
48,signed_chiller_unit,chiller unit,signed,from a fire sale,maybe
48,signed_exercise_bike,exercise bike,signed,never opened,maybe
48,signed_fake_book_jazz,fake book jazz,signed,labeled DO NOT SELL,maybe
48,signed_ghost_detector,ghost detector,signed,with mouse droppings,maybe
48,signed_ice_cream_maker,ice cream maker,signed,glued shut,maybe
48,signed_kitchen_scale,kitchen scale,signed,labeled DO NOT SELL,maybe
48,signed_orchid_pot,orchid pot,signed,taped shut,maybe
48,signed_overhead_projector,overhead projector,signed,opened once,maybe
48,signed_parachute_toy,parachute toy,signed,labeled MOM,maybe
48,signed_sega_genesis,Sega Genesis,signed,with a receipt,maybe
48,signed_skull_candle_holder,skull candle holder,signed,wrapped in newspaper,maybe
48,signed_sumi_kit,sumi kit,signed,from a flood,maybe
48,signed_vaporizer_antique,vaporizer antique,signed,with the wrong remote,maybe
47,burnt_brush_roll,brush roll,burnt,full of rice,maybe
47,burnt_buddha_fat,buddha fat,burnt,full of rice,maybe
47,burnt_callus_grater,callus grater,burnt,in a trash bag,maybe
47,burnt_canvas_blank,canvas blank,burnt,taped shut,maybe
47,burnt_cup_athletic,cup athletic,burnt,wrapped in newspaper,maybe
47,burnt_do_not_disturb_sign,do not disturb sign,burnt,never opened,maybe
47,burnt_dress_form,dress form,burnt,with instructions missing page 2,maybe
47,burnt_drone_crashed,drone crashed,burnt,with instructions missing page 2,maybe
47,burnt_fake_vomit,fake vomit,burnt,smelling of smoke,maybe
47,burnt_ferret_hammock,ferret hammock,burnt,with a dead battery,maybe
47,burnt_fever_strip,fever strip,burnt,smelling of smoke,maybe
47,burnt_frisbee_dog,frisbee dog,burnt,smelling of smoke,maybe
47,burnt_gps_tracker_pet,GPS tracker pet,burnt,with a receipt,maybe
47,burnt_inner_tube,inner tube,burnt,with a dead battery,maybe
47,burnt_kiln_mini,kiln mini,burnt,from a fire sale,maybe
47,burnt_kite_broken,kite broken,burnt,from a flood,maybe
47,burnt_lovey_missing_eye,lovey missing eye,burnt,from a fire sale,maybe
47,burnt_millet_spray,millet spray,burnt,smelling of smoke,maybe
47,burnt_mortar_pestle,mortar pestle,burnt,with no power cord,maybe
47,burnt_pastry_blender,pastry blender,burnt,padlocked,maybe
47,burnt_shower_head_rain,shower head rain,burnt,with mouse droppings,maybe
47,burnt_sleeve_board,sleeve board,burnt,won at carnival,maybe
47,burnt_slide_rule,slide rule,burnt,smelling of perfume,maybe
47,burnt_spray_paint_crate,spray paint crate,burnt,with a photo,maybe
47,burnt_wind_vane_toy,wind vane toy,burnt,zip-tied,maybe
47,dedicated_backing_fabric,backing fabric,dedicated,with no power cord,maybe
47,dedicated_blanket_security,blanket security,dedicated,in a trash bag,maybe
47,dedicated_bubble_machine,bubble machine,dedicated,with no power cord,maybe
47,dedicated_bundt_pan,bundt pan,dedicated,zip-tied,maybe
47,dedicated_candle_sticks_brass,candle sticks brass,dedicated,smelling of smoke,maybe
47,dedicated_card_shuffler,card shuffler,dedicated,never opened,maybe
47,dedicated_cardboard_condo,cardboard condo,dedicated,padlocked,maybe
47,dedicated_chiller_unit,chiller unit,dedicated,padlocked,maybe
47,dedicated_glucose_meter,glucose meter,dedicated,smelling of perfume,maybe
47,dedicated_hot_plate,hot plate,dedicated,opened once,maybe
47,dedicated_ipod_classic,iPod classic,dedicated,with a note,maybe
47,dedicated_lab_flask,lab flask,dedicated,full of coins,maybe
47,dedicated_lantern_camping,lantern camping,dedicated,labeled DO NOT SELL,maybe
47,dedicated_lens_dusty,lens dusty,dedicated,with a dead battery,maybe
47,dedicated_nebulizer,nebulizer,dedicated,with no power cord,maybe
47,dedicated_orchid_pot,orchid pot,dedicated,with the wrong remote,maybe
47,dedicated_piñata_empty,piñata empty,dedicated,smelling of perfume,maybe
47,dedicated_plunger_deluxe,plunger deluxe,dedicated,full of sand,maybe
47,dedicated_polaroid_pack_expired,polaroid pack expired,dedicated,full of sand,maybe
47,dedicated_salt_pepper_set,salt pepper set,dedicated,won at carnival,maybe
47,dedicated_squeaky_toy_flat,squeaky toy flat,dedicated,never opened,maybe
47,dedicated_survival_kit,survival kit,dedicated,with a photo,maybe
47,dedicated_sweater_stone,sweater stone,dedicated,with a receipt,maybe
47,dedicated_thermometer_ear,thermometer ear,dedicated,full of sand,maybe
47,dedicated_tripod_broken,tripod broken,dedicated,smelling of smoke,maybe
47,dedicated_water_bottle_sipper,water bottle sipper,dedicated,labeled MOM,maybe
47,dedicated_window_ac_unit,window AC unit,dedicated,smelling of smoke,maybe
47,expired_air_fryer,air fryer,expired,with a note,maybe
47,expired_algae_scraper,algae scraper,expired,never opened,maybe
47,expired_bath_pillow,bath pillow,expired,with a receipt,maybe
47,expired_bike_lock,bike lock,expired,with mouse droppings,maybe
47,expired_cleats_muddy,cleats muddy,expired,with a photo,maybe
47,expired_coffee_grinder,coffee grinder,expired,with a photo,maybe
47,expired_cologne_splash,cologne splash,expired,from a flood,maybe
47,expired_decanter,decanter,expired,with instructions missing page 2,maybe
47,expired_diploma_blank,diploma blank,expired,from a flood,maybe
47,expired_dot_matrix,dot matrix,expired,labeled FREE,maybe
47,expired_entrenching_tool,entrenching tool,expired,padlocked,maybe
47,expired_espresso_portafilter,espresso portafilter,expired,labeled FREE,maybe
47,expired_guest_book,guest book,expired,taped shut,maybe
47,expired_kaleidoscope,kaleidoscope,expired,full of rice,maybe
47,expired_locksmith_picks_set,locksmith picks set,expired,smelling of smoke,maybe
47,expired_napkin_rings,napkin rings,expired,with a receipt,maybe
47,expired_nunchaku_foam,nunchaku foam,expired,never opened,maybe
47,expired_pipe_wrench,pipe wrench,expired,wrapped in newspaper,maybe
47,expired_sand_timer_giant,sand timer giant,expired,labeled FREE,maybe
47,expired_sextant,sextant,expired,with a photo,maybe
47,expired_slot_machine_bank,slot machine bank,expired,zip-tied,maybe
47,expired_walker_banned,walker banned,expired,with mouse droppings,maybe
47,foreclosure_alarm_keypad,alarm keypad,foreclosure,from a fire sale,maybe
47,foreclosure_atari_2600,Atari 2600,foreclosure,smelling of smoke,maybe
47,foreclosure_bonsai_tools,bonsai tools,foreclosure,full of rice,maybe
47,foreclosure_dice_fuzzy,dice fuzzy,foreclosure,with a dead battery,maybe
47,foreclosure_flippers,flippers,foreclosure,won at carnival,maybe
47,foreclosure_human_anatomy_model,human anatomy model,foreclosure,with a receipt,maybe
47,foreclosure_hygrometer,hygrometer,foreclosure,with a receipt,maybe
47,foreclosure_ketchup_pump,ketchup pump,foreclosure,glued shut,maybe
47,foreclosure_light_meter,light meter,foreclosure,from a fire sale,maybe
47,foreclosure_napkin_dispenser,napkin dispenser,foreclosure,wrapped in newspaper,maybe
47,foreclosure_syringe_prop,syringe prop,foreclosure,smelling of smoke,maybe
47,foreclosure_wand_sparkly,wand sparkly,foreclosure,full of rice,maybe
47,foreclosure_wedding_dress_boxed,wedding dress boxed,foreclosure,with a photo,maybe
47,foreclosure_wig_stand,wig stand,foreclosure,never opened,maybe
47,lab_atari_2600,Atari 2600,lab,with the wrong remote,maybe
47,lab_barf_bag_signed,barf bag signed,lab,padlocked,maybe
47,lab_bib_stack,bib stack,lab,from a flood,maybe
47,lab_bottle_warmer,bottle warmer,lab,from a flood,maybe
47,lab_captain_hat,captain hat,lab,full of coins,maybe
47,lab_chain_and_lock,chain and lock,lab,with no power cord,maybe
47,lab_doorbell_wireless,doorbell wireless,lab,full of rice,maybe
47,lab_executive_toy,executive toy,lab,in a trash bag,maybe
47,lab_fish_net,fish net,lab,won at carnival,maybe
47,lab_organ_pedal,organ pedal,lab,with no power cord,maybe
47,lab_pet_stairs,pet stairs,lab,with a dead battery,maybe
47,lab_retainer_case,retainer case,lab,opened once,maybe
47,lab_ring_light,ring light,lab,labeled DO NOT SELL,maybe
47,lab_ship_clock,ship clock,lab,from a flood,maybe
47,lab_softbox_stand,softbox stand,lab,full of rice,maybe
47,lab_spinning_wheel,spinning wheel,lab,opened once,maybe
47,lab_starch_spray,starch spray,lab,never opened,maybe
47,lab_storage_ottoman,storage ottoman,lab,from a fire sale,maybe
47,limited_beetle_pins,beetle pins,limited,with mouse droppings,maybe
47,limited_bike_trailer_pet,bike trailer pet,limited,from a flood,maybe
47,limited_car_battery,car battery,limited,with a receipt,maybe
47,limited_ceramics_greenware,ceramics greenware,limited,full of rice,maybe
47,limited_cookbook_stained,cookbook stained,limited,never opened,maybe
47,limited_discman,Discman,limited,full of rice,maybe
47,limited_doily_stack,doily stack,limited,labeled FREE,maybe
47,limited_floppy_box,floppy box,limited,full of coins,maybe
47,limited_metal_detector,metal detector,limited,zip-tied,maybe
47,limited_ph_meter,pH meter,limited,full of sand,maybe
47,limited_pin_cushion_tomato,pin cushion tomato,limited,labeled FREE,maybe
47,limited_rubber_stamp_set,rubber stamp set,limited,full of rice,maybe
47,limited_watering_can,watering can,limited,full of coins,maybe
47,plastic_abacus,abacus,plastic,with no power cord,maybe
47,plastic_bill_counter,bill counter,plastic,never opened,maybe
47,plastic_blotter_pad,blotter pad,plastic,from a fire sale,maybe
47,plastic_chocolate_fountain,chocolate fountain,plastic,padlocked,maybe
47,plastic_doily_stack,doily stack,plastic,won at carnival,maybe
47,plastic_handcuff_prop,handcuff prop,plastic,padlocked,maybe
47,plastic_incense_skull,incense skull,plastic,labeled DO NOT SELL,maybe
47,plastic_jump_rope_weighted,jump rope weighted,plastic,labeled FREE,maybe
47,plastic_podcast_mic,podcast mic,plastic,with no power cord,maybe
47,plastic_potty_chair,potty chair,plastic,smelling of perfume,maybe
47,plastic_rc_helicopter,RC helicopter,plastic,never opened,maybe
47,plastic_scrapbook_kit,scrapbook kit,plastic,with a photo,maybe
47,plastic_springform,springform,plastic,from a fire sale,maybe
47,plastic_toothbrush_travel,toothbrush travel,plastic,full of coins,maybe
47,plastic_tower_fan,tower fan,plastic,in a trash bag,maybe
47,plastic_trunk_travel,trunk travel,plastic,with mouse droppings,maybe
47,plastic_ultrasonic_trainer,ultrasonic trainer,plastic,wrapped in newspaper,maybe
47,plastic_yarn_skein_bin,yarn skein bin,plastic,taped shut,maybe
47,rusty_action_figure_mint,action figure mint,rusty,full of sand,maybe
47,rusty_cardboard_condo,cardboard condo,rusty,won at carnival,maybe
47,rusty_cologne_splash,cologne splash,rusty,smelling of perfume,maybe
47,rusty_commode_chair,commode chair,rusty,with the wrong remote,maybe
47,rusty_cowbell,cowbell,rusty,labeled FREE,maybe
47,rusty_denture_adhesive,denture adhesive,rusty,from a fire sale,maybe
47,rusty_dice_fuzzy,dice fuzzy,rusty,full of rice,maybe
47,rusty_embosser_seal,embosser seal,rusty,from a flood,maybe
47,rusty_exersaucer,exersaucer,rusty,with a receipt,maybe
47,rusty_forklift_key,forklift key,rusty,from a flood,maybe
47,rusty_glockenspiel,glockenspiel,rusty,glued shut,maybe
47,rusty_hair_dryer,hair dryer,rusty,with mouse droppings,maybe
47,rusty_hemming_bird,hemming bird,rusty,wrapped in newspaper,maybe
47,rusty_kite_broken,kite broken,rusty,with the wrong remote,maybe
47,rusty_magic_set_kids,magic set kids,rusty,from a fire sale,maybe
47,rusty_magnetic_letters,magnetic letters,rusty,glued shut,maybe
47,rusty_moon_sand,moon sand,rusty,labeled DO NOT SELL,maybe
47,rusty_motion_sensor,motion sensor,rusty,with the wrong remote,maybe
47,rusty_nebulizer,nebulizer,rusty,taped shut,maybe
47,rusty_powder_puff,powder puff,rusty,from a fire sale,maybe
47,rusty_pumice_stone,pumice stone,rusty,padlocked,maybe
47,rusty_slot_machine_bank,slot machine bank,rusty,won at carnival,maybe
47,rusty_smoke_alarm_chirp,smoke alarm chirp,rusty,padlocked,maybe
47,rusty_umbrella_stroller,umbrella stroller,rusty,wrapped in newspaper,maybe
47,rusty_yarn_skein_bin,yarn skein bin,rusty,smelling of perfume,maybe
47,school_badge_replica,badge replica,school,wrapped in newspaper,maybe
47,school_bayonet_dull,bayonet dull,school,glued shut,maybe
47,school_blood_pressure_cuff,blood pressure cuff,school,padlocked,maybe
47,school_bundt_pan,bundt pan,school,labeled DO NOT SELL,maybe
47,school_ceramics_greenware,ceramics greenware,school,never opened,maybe
47,school_changing_table,changing table,school,wrapped in newspaper,maybe
47,school_chew_stick_pack,chew stick pack,school,opened once,maybe
47,school_drafting_set,drafting set,school,with a dead battery,maybe
47,school_elastic_spool,elastic spool,school,taped shut,maybe
47,school_foot_spa,foot spa,school,opened once,maybe
47,school_geode_half,geode half,school,wrapped in newspaper,maybe
47,school_headrest_cover_stack,headrest cover stack,school,from a flood,maybe
47,school_juicer,juicer,school,with a dead battery,maybe
47,school_mousetrap_pack,mousetrap pack,school,with the wrong remote,maybe
47,school_night_guard,night guard,school,won at carnival,maybe
47,school_podcast_mic,podcast mic,school,smelling of smoke,maybe
47,school_rattle_keys,rattle keys,school,smelling of smoke,maybe
47,school_shower_radio,shower radio,school,taped shut,maybe
47,school_sippy_cup_bin,sippy cup bin,school,smelling of perfume,maybe
47,school_skeleton_half,skeleton half,school,smelling of smoke,maybe
47,school_violin_case_empty,violin case empty,school,wrapped in newspaper,maybe
47,signed_blood_pressure_cuff,blood pressure cuff,signed,with a receipt,maybe
47,signed_camping_stove,camping stove,signed,wrapped in newspaper,maybe
47,signed_carding_brushes,carding brushes,signed,padlocked,maybe
47,signed_catnip_pillow,catnip pillow,signed,opened once,maybe
47,signed_cedar_chest,cedar chest,signed,from a flood,maybe
47,signed_champagne_flutes,champagne flutes,signed,smelling of smoke,maybe
47,signed_fish_net,fish net,signed,zip-tied,maybe
47,signed_hand_buzzer,hand buzzer,signed,won at carnival,maybe
47,signed_knitting_needles,knitting needles,signed,never opened,maybe
47,signed_magic_8_ball,magic 8 ball,signed,from a flood,maybe
47,signed_midi_keyboard,MIDI keyboard,signed,glued shut,maybe
47,signed_neon_beer_sign,neon beer sign,signed,won at carnival,maybe
47,signed_pallet_jack_toy,pallet jack toy,signed,with a photo,maybe
47,signed_rat_trap,rat trap,signed,never opened,maybe
47,signed_ring_pillow,ring pillow,signed,labeled DO NOT SELL,maybe
47,signed_tea_tin_set,tea tin set,signed,full of coins,maybe
47,signed_zune,Zune,signed,with no power cord,maybe
46,burnt_amp_head,amp head,burnt,from a flood,maybe
46,burnt_blacksmith_tongs,blacksmith tongs,burnt,glued shut,maybe
46,burnt_bubble_bath_jug,bubble bath jug,burnt,with a note,maybe
46,burnt_cork_collection,cork collection,burnt,from a fire sale,maybe
46,burnt_fire_extinguisher,fire extinguisher,burnt,in a trash bag,maybe
46,burnt_fondant_kit,fondant kit,burnt,with the wrong remote,maybe
46,burnt_game_boy,Game Boy,burnt,with mouse droppings,maybe
46,burnt_gopro_mount_only,gopro mount only,burnt,smelling of perfume,maybe
46,burnt_ketchup_pump,ketchup pump,burnt,smelling of perfume,maybe
46,burnt_lego_bin_mystery,Lego bin mystery,burnt,full of rice,maybe
46,burnt_lizard_hide,lizard hide,burnt,from a flood,maybe
46,burnt_magic_cards_bulk,Magic cards bulk,burnt,won at carnival,maybe
46,burnt_model_train_set,model train set,burnt,labeled FREE,maybe
46,burnt_pet_stairs,pet stairs,burnt,wrapped in newspaper,maybe
46,burnt_protractor_set,protractor set,burnt,from a fire sale,maybe
46,burnt_pulse_oximeter,pulse oximeter,burnt,with a dead battery,maybe
46,burnt_suitcase_spinner_dead,suitcase spinner dead,burnt,taped shut,maybe
46,burnt_table_runner,table runner,burnt,with a note,maybe
46,burnt_uvb_bulb,UVB bulb,burnt,labeled DO NOT SELL,maybe
46,dedicated_bill_counter,bill counter,dedicated,full of coins,maybe
46,dedicated_chocolate_fountain,chocolate fountain,dedicated,labeled FREE,maybe
46,dedicated_crt_green_terminal,CRT green terminal,dedicated,wrapped in newspaper,maybe
46,dedicated_defibrillator_prop,defibrillator prop,dedicated,from a flood,maybe
46,dedicated_dehumidifier_dead,dehumidifier dead,dedicated,full of sand,maybe
46,dedicated_fish_mount,fish mount,dedicated,won at carnival,maybe
46,dedicated_mantel_clock,mantel clock,dedicated,won at carnival,maybe
46,dedicated_mezuzah,mezuzah,dedicated,with instructions missing page 2,maybe
46,dedicated_panini_press,panini press,dedicated,with instructions missing page 2,maybe
46,dedicated_porthole_frame,porthole frame,dedicated,smelling of perfume,maybe
46,dedicated_score_sheet_stack,score sheet stack,dedicated,full of rice,maybe
46,dedicated_smoke_grenade_novelty,smoke grenade novelty,dedicated,padlocked,maybe
46,dedicated_toast_rack,toast rack,dedicated,with a note,maybe
46,expired_baby_food_jars,baby food jars,expired,labeled FREE,maybe
46,expired_barbie_head_only,Barbie head only,expired,full of coins,maybe
46,expired_cabinet_speaker,cabinet speaker,expired,opened once,maybe
46,expired_centrifuge_toy,centrifuge toy,expired,with mouse droppings,maybe
46,expired_cowbell,cowbell,expired,won at carnival,maybe
46,expired_cuckoo_nest_empty,cuckoo nest empty,expired,full of rice,maybe
46,expired_doubloon_plastic,doubloon plastic,expired,labeled MOM,maybe
46,expired_drone_crashed,drone crashed,expired,with a note,maybe
46,expired_egg_beater,egg beater,expired,with the wrong remote,maybe
46,expired_floss_dispenser,floss dispenser,expired,smelling of smoke,maybe
46,expired_fortune_teller_fish,fortune teller fish,expired,full of coins,maybe
46,expired_hydroponics_tray,hydroponics tray,expired,smelling of smoke,maybe
46,expired_iv_stand,IV stand,expired,full of sand,maybe
46,expired_light_meter,light meter,expired,with a receipt,maybe
46,expired_origami_paper,origami paper,expired,full of coins,maybe
46,expired_stroller_fold,stroller fold,expired,opened once,maybe
46,expired_wax_seal_kit,wax seal kit,expired,won at carnival,maybe
46,expired_xylophone_kids,xylophone kids,expired,from a fire sale,maybe
46,foreclosure_coin_sorter,coin sorter,foreclosure,from a flood,maybe
46,foreclosure_egg_beater,egg beater,foreclosure,glued shut,maybe
46,foreclosure_hydroponics_tray,hydroponics tray,foreclosure,taped shut,maybe
46,foreclosure_itching_powder,itching powder,foreclosure,zip-tied,maybe
46,foreclosure_kaleidoscope,kaleidoscope,foreclosure,wrapped in newspaper,maybe
46,foreclosure_lawn_dart_banned,lawn dart banned,foreclosure,from a fire sale,maybe
46,foreclosure_leash_retractable,leash retractable,foreclosure,with instructions missing page 2,maybe
46,foreclosure_metal_detector,metal detector,foreclosure,labeled FREE,maybe
46,foreclosure_paint_by_numbers,paint by numbers,foreclosure,full of sand,maybe
46,foreclosure_protractor_set,protractor set,foreclosure,with a receipt,maybe
46,foreclosure_tanning_lamp,tanning lamp,foreclosure,zip-tied,yes
46,lab_abacus,abacus,lab,full of coins,maybe
46,lab_alarm_clock_windup,alarm clock windup,lab,smelling of smoke,maybe
46,lab_cup_athletic,cup athletic,lab,with a dead battery,maybe
46,lab_emf_meter_toy,EMF meter toy,lab,full of sand,maybe
46,lab_first_aid_antique,first aid antique,lab,full of coins,maybe
46,lab_grafting_knife,grafting knife,lab,with a note,maybe
46,lab_hypno_spiral,hypno spiral,lab,in a trash bag,maybe
46,lab_inhaler_spacer,inhaler spacer,lab,with mouse droppings,maybe
46,lab_inner_tube,inner tube,lab,full of coins,maybe
46,lab_lego_bin_mystery,Lego bin mystery,lab,labeled MOM,maybe
46,lab_live_rock_dry,live rock dry,lab,in a trash bag,maybe
46,lab_loofah_on_stick,loofah on stick,lab,taped shut,maybe
46,lab_mannequin_hand,mannequin hand,lab,with the wrong remote,maybe
46,lab_metal_detector_sand,metal detector sand,lab,labeled FREE,maybe
46,lab_mortar_pestle,mortar pestle,lab,smelling of smoke,maybe
46,lab_plate_divider_kids,plate divider kids,lab,never opened,maybe
46,lab_ring_pillow,ring pillow,lab,full of sand,maybe
46,lab_rotary_phone,rotary phone,lab,with no power cord,maybe
46,lab_sea_chest,sea chest,lab,labeled MOM,maybe
46,lab_uv_sterilizer,UV sterilizer,lab,glued shut,maybe
46,lab_vanity_plate,vanity plate,lab,labeled MOM,maybe
46,lab_white_noise_machine,white noise machine,lab,zip-tied,maybe
46,limited_blacksmith_tongs,blacksmith tongs,limited,from a flood,maybe
46,limited_butter_dish,butter dish,limited,full of rice,maybe
46,limited_check_writer,check writer,limited,won at carnival,maybe
46,limited_clothes_iron,clothes iron,limited,padlocked,maybe
46,limited_fake_book_jazz,fake book jazz,limited,zip-tied,maybe
46,limited_fax_machine,fax machine,limited,labeled MOM,maybe
46,limited_fish_food_tin,fish food tin,limited,from a flood,maybe
46,limited_helmet,helmet,limited,with the wrong remote,maybe
46,limited_high_chair,high chair,limited,labeled MOM,maybe
46,limited_lovey_missing_eye,lovey missing eye,limited,labeled FREE,maybe
46,limited_magic_lantern,magic lantern,limited,padlocked,maybe
46,limited_midi_keyboard,MIDI keyboard,limited,with the wrong remote,maybe
46,limited_milk_frother,milk frother,limited,taped shut,maybe
46,limited_model_airplane,model airplane,limited,in a trash bag,maybe
46,limited_moose_plaque,moose plaque,limited,full of coins,maybe
46,limited_night_vision_goggles,night vision goggles,limited,never opened,maybe
46,limited_pallet_jack_toy,pallet jack toy,limited,labeled DO NOT SELL,maybe
46,limited_playdough_dried,playdough dried,limited,with instructions missing page 2,maybe
46,limited_shoe_tree_pair,shoe tree pair,limited,in a trash bag,maybe
46,limited_tambourine,tambourine,limited,with the wrong remote,maybe
46,limited_tarot_deck,tarot deck,limited,labeled MOM,maybe
46,plastic_alarm_clock_windup,alarm clock windup,plastic,with the wrong remote,maybe
46,plastic_anvil_mini,anvil mini,plastic,labeled FREE,maybe
46,plastic_ashtray_tower,ashtray tower,plastic,padlocked,maybe
46,plastic_barf_bag_signed,barf bag signed,plastic,won at carnival,maybe
46,plastic_candle_sticks_brass,candle sticks brass,plastic,opened once,maybe
46,plastic_deer_antler,deer antler,plastic,with the wrong remote,maybe
46,plastic_egg_incubator,egg incubator,plastic,with a receipt,maybe
46,plastic_fossil_ammonite,fossil ammonite,plastic,with a photo,maybe
46,plastic_helmet,helmet,plastic,smelling of perfume,maybe
46,plastic_kalimba,kalimba,plastic,never opened,maybe
46,plastic_makeup_case,makeup case,plastic,labeled FREE,maybe
46,plastic_marionette,marionette,plastic,taped shut,maybe
46,plastic_menu_diner,menu diner,plastic,with the wrong remote,maybe
46,plastic_moving_blanket,moving blanket,plastic,labeled FREE,maybe
46,plastic_name_tag_maker,name tag maker,plastic,glued shut,maybe
46,plastic_printer_carcass,printer carcass,plastic,with a photo,maybe
46,plastic_rain_gauge,rain gauge,plastic,labeled MOM,maybe
46,plastic_room_number_plate,room number plate,plastic,smelling of perfume,maybe
46,plastic_shuriken_set,shuriken set,plastic,from a flood,maybe
46,plastic_singing_bowl,singing bowl,plastic,zip-tied,maybe
46,plastic_spigot_key,spigot key,plastic,glued shut,maybe
46,plastic_squeaky_toy_flat,squeaky toy flat,plastic,with a dead battery,maybe
46,plastic_water_bottle_sipper,water bottle sipper,plastic,wrapped in newspaper,maybe
46,rusty_checkers_set,checkers set,rusty,with instructions missing page 2,maybe
46,rusty_copy_machine_panel,copy machine panel,rusty,smelling of smoke,maybe
46,rusty_doubloon_plastic,doubloon plastic,rusty,full of rice,maybe
46,rusty_drum_pad,drum pad,rusty,full of rice,maybe
46,rusty_fish_mount,fish mount,rusty,labeled DO NOT SELL,maybe
46,rusty_grow_journal,grow journal,rusty,taped shut,maybe
46,rusty_hockey_puck_signed,hockey puck signed,rusty,padlocked,maybe
46,rusty_hotel_key_board,hotel key board,rusty,labeled FREE,maybe
46,rusty_lab_flask,lab flask,rusty,with no power cord,maybe
46,rusty_lizard_hide,lizard hide,rusty,with the wrong remote,maybe
46,rusty_manga_stack,manga stack,rusty,labeled DO NOT SELL,maybe
46,rusty_party_popper_crate,party popper crate,rusty,padlocked,maybe
46,rusty_pie_weights,pie weights,rusty,glued shut,maybe
46,rusty_robot_vacuum_dead,robot vacuum dead,rusty,full of sand,maybe
46,rusty_row_machine,row machine,rusty,full of sand,maybe
46,rusty_saxophone_dented,saxophone dented,rusty,full of coins,maybe
46,rusty_shaving_brush,shaving brush,rusty,with no power cord,maybe
46,rusty_stretcher_fold,stretcher fold,rusty,with a photo,maybe
46,rusty_test_tube_rack,test tube rack,rusty,with a receipt,maybe
46,school_butterfly_case,butterfly case,school,with no power cord,maybe
46,school_copy_machine_panel,copy machine panel,school,with no power cord,maybe
46,school_eye_mask_sleep,eye mask sleep,school,labeled MOM,maybe
46,school_flask_engraved,flask engraved,school,wrapped in newspaper,maybe
46,school_magic_lantern,magic lantern,school,full of sand,maybe
46,school_neon_beer_sign,neon beer sign,school,labeled DO NOT SELL,maybe
46,school_oxygen_mask_demo,oxygen mask demo,school,never opened,maybe
46,school_pattern_envelope,pattern envelope,school,padlocked,maybe
46,school_pokemon_cards_binder,Pokemon cards binder,school,labeled MOM,maybe
46,school_scuba_mask,scuba mask,school,opened once,maybe
46,school_seltzer_bottle,seltzer bottle,school,full of sand,maybe
46,school_tire_iron,tire iron,school,full of rice,maybe
46,school_ukulele,ukulele,school,glued shut,maybe
46,school_vr_headset_dusty,VR headset dusty,school,with a photo,maybe
46,school_zip_drive,ZIP drive,school,full of sand,maybe
46,signed_ant_bait,ant bait,signed,padlocked,maybe
46,signed_cootie_catcher_pack,cootie catcher pack,signed,labeled DO NOT SELL,maybe
46,signed_dog_crate,dog crate,signed,won at carnival,maybe
46,signed_doorbell_wireless,doorbell wireless,signed,labeled MOM,maybe
46,signed_fire_extinguisher,fire extinguisher,signed,full of rice,maybe
46,signed_garment_bag,garment bag,signed,full of sand,maybe
46,signed_gps_tracker_pet,GPS tracker pet,signed,labeled FREE,maybe
46,signed_inhaler_spacer,inhaler spacer,signed,full of rice,maybe
46,signed_palette_knife_set,palette knife set,signed,full of sand,maybe
46,signed_poker_table_felt,poker table felt,signed,won at carnival,maybe
46,signed_roomba_shell,roomba shell,signed,from a flood,maybe
46,signed_shin_guards,shin guards,signed,with instructions missing page 2,maybe
46,signed_slow_cooker,slow cooker,signed,in a trash bag,maybe
46,signed_snorkel_set,snorkel set,signed,full of rice,maybe
46,signed_sparkler_box,sparkler box,signed,opened once,maybe
46,signed_tripod_broken,tripod broken,signed,with no power cord,maybe
46,signed_whoopee_remote,whoopee remote,signed,from a fire sale,maybe
45,burnt_apothecary_jar,apothecary jar,burnt,with instructions missing page 2,maybe
45,burnt_garage_opener,garage opener,burnt,full of coins,maybe
45,burnt_hose_nozzle,hose nozzle,burnt,in a trash bag,maybe
45,burnt_propane_tank_empty,propane tank empty,burnt,with a receipt,maybe
45,burnt_smoker_bee,smoker bee,burnt,with a dead battery,maybe
45,burnt_sprinkler_oscillating,sprinkler oscillating,burnt,won at carnival,maybe
45,burnt_surge_protector_fried,surge protector fried,burnt,full of coins,maybe
45,burnt_time_clock,time clock,burnt,in a trash bag,maybe
45,burnt_walkman,Walkman,burnt,zip-tied,maybe
45,dedicated_bath_bomb_crate,bath bomb crate,dedicated,full of sand,maybe
45,dedicated_candy_thermometer,candy thermometer,dedicated,full of rice,maybe
45,dedicated_equalizer_rack,equalizer rack,dedicated,taped shut,maybe
45,dedicated_flintlock_replica,flintlock replica,dedicated,taped shut,maybe
45,dedicated_grow_journal,grow journal,dedicated,with no power cord,maybe
45,dedicated_high_chair,high chair,dedicated,full of coins,maybe
45,dedicated_loofah_on_stick,loofah on stick,dedicated,smelling of perfume,maybe
45,dedicated_overhead_projector,overhead projector,dedicated,taped shut,maybe
45,dedicated_oxygen_bottle_prop,oxygen bottle prop,dedicated,with no power cord,maybe
45,dedicated_padlock_collection,padlock collection,dedicated,with instructions missing page 2,maybe
45,dedicated_paint_set_oils,paint set oils,dedicated,with a note,maybe
45,dedicated_plant_grow_tent,plant grow tent,dedicated,padlocked,maybe
45,dedicated_potty_chair,potty chair,dedicated,with a note,maybe
45,dedicated_protein_skimmer,protein skimmer,dedicated,from a flood,maybe
45,dedicated_pull_tab_opener,pull-tab opener,dedicated,with instructions missing page 2,maybe
45,dedicated_razor_safety,razor safety,dedicated,labeled DO NOT SELL,maybe
45,dedicated_room_number_plate,room number plate,dedicated,with a note,maybe
45,dedicated_vr_headset_dusty,VR headset dusty,dedicated,labeled DO NOT SELL,maybe
45,dedicated_warehouse_clipboard,warehouse clipboard,dedicated,with no power cord,maybe
45,expired_airbrush_kit,airbrush kit,expired,with a note,maybe
45,expired_conductor_baton,conductor baton,expired,taped shut,maybe
45,expired_djembe,djembe,expired,opened once,maybe
45,expired_do_not_disturb_sign,do not disturb sign,expired,labeled MOM,maybe
45,expired_fireworks_illegal,fireworks illegal,expired,from a fire sale,maybe
45,expired_paper_fortune,paper fortune,expired,with instructions missing page 2,maybe
45,expired_pipe_rack,pipe rack,expired,with mouse droppings,maybe
45,expired_putter_novelty,putter novelty,expired,wrapped in newspaper,maybe
45,expired_sling_wrap,sling wrap,expired,with a note,maybe
45,expired_soda_siphon,soda siphon,expired,full of rice,maybe
45,foreclosure_ceiling_fan_blade,ceiling fan blade,foreclosure,from a fire sale,maybe
45,foreclosure_cello_broken,cello broken,foreclosure,labeled FREE,maybe
45,foreclosure_crib_mobile,crib mobile,foreclosure,with a receipt,maybe
45,foreclosure_crochet_hook_set,crochet hook set,foreclosure,with a photo,maybe
45,foreclosure_duffel_army,duffel army,foreclosure,never opened,maybe
45,foreclosure_extension_cord_nest,extension cord nest,foreclosure,zip-tied,maybe
45,foreclosure_eyepatch_silk,eyepatch silk,foreclosure,in a trash bag,maybe
45,foreclosure_floss_dispenser,floss dispenser,foreclosure,taped shut,maybe
45,foreclosure_footlocker_camp,footlocker camp,foreclosure,padlocked,maybe
45,foreclosure_grow_light,grow light,foreclosure,with mouse droppings,maybe
45,foreclosure_hamper_laundry,hamper laundry,foreclosure,with the wrong remote,maybe
45,foreclosure_meat_grinder,meat grinder,foreclosure,wrapped in newspaper,maybe
45,foreclosure_model_rocket,model rocket,foreclosure,zip-tied,maybe
45,foreclosure_moose_plaque,moose plaque,foreclosure,wrapped in newspaper,maybe
45,foreclosure_perfume_atomizer,perfume atomizer,foreclosure,with a photo,maybe
45,foreclosure_playpen,playpen,foreclosure,labeled DO NOT SELL,maybe
45,foreclosure_raclette_grill,raclette grill,foreclosure,with a receipt,maybe
45,foreclosure_ratchet_strap_pack,ratchet strap pack,foreclosure,full of rice,maybe
45,foreclosure_sandwich_press,sandwich press,foreclosure,labeled DO NOT SELL,maybe
45,foreclosure_slide_rule,slide rule,foreclosure,glued shut,maybe
45,foreclosure_ultrasound_photo,ultrasound photo,foreclosure,wrapped in newspaper,maybe
45,foreclosure_uvb_bulb,UVB bulb,foreclosure,zip-tied,maybe
45,lab_birth_certificate_frame,birth certificate frame,lab,smelling of smoke,maybe
45,lab_brush_roll,brush roll,lab,labeled MOM,maybe
45,lab_closet_flange,closet flange,lab,with a photo,maybe
45,lab_comic_longbox,comic longbox,lab,never opened,maybe
45,lab_customs_form_pad,customs form pad,lab,taped shut,maybe
45,lab_drill_press,drill press,lab,opened once,maybe
45,lab_fax_machine,fax machine,lab,wrapped in newspaper,maybe
45,lab_fish_food_tin,fish food tin,lab,with a note,maybe
45,lab_furniture_dolly,furniture dolly,lab,with a note,maybe
45,lab_heating_pad,heating pad,lab,with mouse droppings,maybe
45,lab_hose_nozzle,hose nozzle,lab,with mouse droppings,maybe
45,lab_hydrometer,hydrometer,lab,with a dead battery,maybe
45,lab_kiln_mini,kiln mini,lab,padlocked,maybe
45,lab_metronome_windup,metronome windup,lab,with a receipt,maybe
45,lab_mic_stand,mic stand,lab,with no power cord,maybe
45,lab_orchid_pot,orchid pot,lab,opened once,maybe
45,lab_ouija_planchette,ouija planchette,lab,with a receipt,maybe
45,lab_prank_call_book,prank call book,lab,glued shut,maybe
45,lab_sumi_kit,sumi kit,lab,smelling of perfume,maybe
45,lab_vaporizer_antique,vaporizer antique,lab,taped shut,maybe
45,lab_yo_yo_collection,yo-yo collection,lab,with the wrong remote,maybe
45,limited_corkscrew_fancy,corkscrew fancy,limited,never opened,maybe
45,limited_desk_bell,desk bell,limited,full of rice,maybe
45,limited_foam_finger,foam finger,limited,labeled DO NOT SELL,maybe
45,limited_fossil_ammonite,fossil ammonite,limited,zip-tied,maybe
45,limited_mouthwash_novelty,mouthwash novelty,limited,with a receipt,maybe
45,limited_plant_grow_tent,plant grow tent,limited,with a receipt,maybe
45,limited_prank_call_book,prank call book,limited,smelling of perfume,maybe
45,plastic_boarding_pass_printer,boarding pass printer,plastic,opened once,maybe
45,plastic_hospital_tray,hospital tray,plastic,with a dead battery,maybe
45,plastic_hot_water_bottle,hot water bottle,plastic,in a trash bag,maybe
45,plastic_ice_cream_maker,ice cream maker,plastic,smelling of perfume,maybe
45,plastic_juicer,juicer,plastic,wrapped in newspaper,maybe
45,plastic_lens_dusty,lens dusty,plastic,labeled MOM,maybe
45,plastic_pull_tab_opener,pull-tab opener,plastic,from a flood,maybe
45,plastic_swing_cradle,swing cradle,plastic,padlocked,maybe
45,plastic_treasure_map_fake,treasure map fake,plastic,with a receipt,maybe
45,plastic_ultrasonic_pest,ultrasonic pest,plastic,with instructions missing page 2,maybe
45,plastic_vanity_plate,vanity plate,plastic,full of coins,maybe
45,plastic_zune,Zune,plastic,opened once,maybe
45,rusty_bark_collar,bark collar,rusty,taped shut,maybe
45,rusty_chicken_feeder,chicken feeder,rusty,with a photo,maybe
45,rusty_flask_engraved,flask engraved,rusty,with a dead battery,maybe
45,rusty_fortune_teller_fish,fortune teller fish,rusty,with a dead battery,maybe
45,rusty_ice_pack_novelty,ice pack novelty,rusty,padlocked,maybe
45,rusty_joy_buzzer_box,joy buzzer box,rusty,with the wrong remote,maybe
45,rusty_juicer,juicer,rusty,full of coins,maybe
45,rusty_mouthguard_case,mouthguard case,rusty,with a note,maybe
45,rusty_pager,pager,rusty,won at carnival,maybe
45,rusty_place_card_holder,place card holder,rusty,with a dead battery,maybe
45,rusty_prayer_beads,prayer beads,rusty,glued shut,maybe
45,rusty_punch_card_rack,punch card rack,rusty,padlocked,maybe
45,rusty_straw_dispenser,straw dispenser,rusty,full of coins,maybe
45,rusty_transformers_incomplete,Transformers incomplete,rusty,smelling of smoke,maybe
45,rusty_tuba_kids,tuba kids,rusty,with instructions missing page 2,maybe
45,rusty_turntable,turntable,rusty,with a note,maybe
45,rusty_wig_stand,wig stand,rusty,wrapped in newspaper,maybe
45,school_bidet_attachment,bidet attachment,school,taped shut,maybe
45,school_binoculars,binoculars,school,with a receipt,maybe
45,school_bolt_cutters,bolt cutters,school,full of rice,maybe
45,school_heating_lamp,heating lamp,school,taped shut,yes
45,school_index_cards_recipes,index cards recipes,school,with a receipt,maybe
45,school_keg_tap,keg tap,school,with a dead battery,maybe
45,school_lens_dusty,lens dusty,school,never opened,maybe
45,school_moon_sand,moon sand,school,full of sand,maybe
45,school_plant_grow_tent,plant grow tent,school,labeled FREE,maybe
45,school_police_scanner,police scanner,school,wrapped in newspaper,maybe
45,school_sandcastle_mold,sandcastle mold,school,with mouse droppings,maybe
45,school_slot_car_track,slot car track,school,with the wrong remote,maybe
45,school_tea_tin_set,tea tin set,school,with no power cord,maybe
45,signed_ab_roller,ab roller,signed,from a flood,maybe
45,signed_bread_machine,bread machine,signed,with a receipt,maybe
45,signed_candle_sticks_brass,candle sticks brass,signed,with no power cord,maybe
45,signed_chalkboard_easel,chalkboard easel,signed,full of sand,maybe
45,signed_hamster_wheel,hamster wheel,signed,with a photo,maybe
45,signed_kalimba,kalimba,signed,with a dead battery,maybe
45,signed_marquee_letter,marquee letter,signed,with a receipt,maybe
45,signed_power_strip_fire,power strip fire,signed,smelling of perfume,maybe
45,signed_salt_pepper_set,salt pepper set,signed,labeled FREE,maybe
45,signed_seltzer_bottle,seltzer bottle,signed,labeled FREE,maybe
45,signed_sprinkler_oscillating,sprinkler oscillating,signed,with a photo,maybe
44,burnt_atari_2600,Atari 2600,burnt,taped shut,maybe
44,burnt_boot_jack,boot jack,burnt,labeled FREE,maybe
44,burnt_customs_form_pad,customs form pad,burnt,opened once,maybe
44,burnt_dip_pen_set,dip pen set,burnt,never opened,maybe
44,burnt_flippers,flippers,burnt,full of sand,maybe
44,burnt_floppy_box,floppy box,burnt,labeled MOM,maybe
44,burnt_heating_pad,heating pad,burnt,in a trash bag,maybe
44,burnt_kinetic_sand,kinetic sand,burnt,labeled MOM,maybe
44,burnt_laser_pointer,laser pointer,burnt,labeled DO NOT SELL,maybe
44,burnt_lint_roller_pack,lint roller pack,burnt,in a trash bag,maybe
44,burnt_paint_by_numbers,paint by numbers,burnt,zip-tied,maybe
44,burnt_pipe_wrench,pipe wrench,burnt,with a dead battery,maybe
44,burnt_scrapbook_wedding,scrapbook wedding,burnt,opened once,maybe
44,burnt_shape_sorter,shape sorter,burnt,never opened,maybe
44,burnt_soap_on_a_rope,soap on a rope,burnt,labeled DO NOT SELL,maybe
44,burnt_sugar_caddy,sugar caddy,burnt,from a fire sale,maybe
44,burnt_toothbrush_holder,toothbrush holder,burnt,full of coins,maybe
44,burnt_water_pik,water pik,burnt,labeled FREE,maybe
44,burnt_wheelchair_fold,wheelchair fold,burnt,smelling of smoke,maybe
44,dedicated_anchor_paperweight,anchor paperweight,dedicated,labeled MOM,maybe
44,dedicated_ashtray_tower,ashtray tower,dedicated,labeled FREE,maybe
44,dedicated_bayonet_dull,bayonet dull,dedicated,with the wrong remote,maybe
44,dedicated_boar_tusk,boar tusk,dedicated,with a receipt,maybe
44,dedicated_boarding_pass_printer,boarding pass printer,dedicated,smelling of smoke,maybe
44,dedicated_dentist_chair_lamp,dentist chair lamp,dedicated,with a note,yes
44,dedicated_dominoes_bone,dominoes bone,dedicated,from a fire sale,maybe
44,dedicated_garment_bag,garment bag,dedicated,labeled DO NOT SELL,maybe
44,dedicated_hacky_sack_jar,hacky sack jar,dedicated,labeled DO NOT SELL,maybe
44,dedicated_hotel_key_board,hotel key board,dedicated,from a fire sale,maybe
44,dedicated_ice_cream_maker,ice cream maker,dedicated,with a note,maybe
44,dedicated_life_vest,life vest,dedicated,smelling of perfume,maybe
44,dedicated_master_key_blank,master key blank,dedicated,padlocked,maybe
44,dedicated_pacifier_collection,pacifier collection,dedicated,won at carnival,maybe
44,dedicated_playdough_dried,playdough dried,dedicated,with a receipt,maybe
44,dedicated_pokemon_cards_binder,Pokemon cards binder,dedicated,wrapped in newspaper,maybe
44,dedicated_punch_card_deck,punch card deck,dedicated,glued shut,maybe
44,dedicated_quilt_unfinished,quilt unfinished,dedicated,wrapped in newspaper,maybe
44,dedicated_refractometer,refractometer,dedicated,with the wrong remote,maybe
44,dedicated_selfie_stick,selfie stick,dedicated,labeled MOM,maybe
44,dedicated_sippy_cup_bin,sippy cup bin,dedicated,glued shut,maybe
44,dedicated_slide_projector,slide projector,dedicated,with mouse droppings,maybe
44,dedicated_teething_ring,teething ring,dedicated,with a dead battery,maybe
44,dedicated_wedding_cake_knife,wedding cake knife,dedicated,with instructions missing page 2,maybe
44,dedicated_yearbook_signed,yearbook signed,dedicated,with a receipt,maybe
44,expired_badge_press,badge press,expired,labeled FREE,maybe
44,expired_badminton_set,badminton set,expired,glued shut,maybe
44,expired_chew_stick_pack,chew stick pack,expired,with the wrong remote,maybe
44,expired_cross_stitch_kit,cross stitch kit,expired,smelling of smoke,maybe
44,expired_drum_pad,drum pad,expired,labeled MOM,maybe
44,expired_geode_half,geode half,expired,full of coins,maybe
44,expired_instant_pot_clone,instant pot clone,expired,from a fire sale,maybe
44,expired_joy_buzzer_box,joy buzzer box,expired,smelling of perfume,maybe
44,expired_mandolin,mandolin,expired,with a photo,maybe
44,expired_millet_spray,millet spray,expired,with no power cord,maybe
44,expired_muffin_tin,muffin tin,expired,labeled MOM,maybe
44,expired_nightstick_foam,nightstick foam,expired,taped shut,maybe
44,expired_powder_horn,powder horn,expired,from a fire sale,maybe
44,expired_putty_thinking,putty thinking,expired,labeled FREE,maybe
44,expired_row_machine,row machine,expired,labeled DO NOT SELL,maybe
44,expired_rune_stones,rune stones,expired,never opened,maybe
44,expired_tanning_lamp,tanning lamp,expired,full of sand,yes
44,expired_ukulele,ukulele,expired,with instructions missing page 2,maybe
44,expired_walkman,Walkman,expired,won at carnival,maybe
44,foreclosure_beer_growler,beer growler,foreclosure,glued shut,maybe
44,foreclosure_chest_empty,chest empty,foreclosure,opened once,maybe
44,foreclosure_dreamcatcher,dreamcatcher,foreclosure,smelling of smoke,maybe
44,foreclosure_gravel_vacuum,gravel vacuum,foreclosure,with instructions missing page 2,maybe
44,foreclosure_hydrometer,hydrometer,foreclosure,full of rice,maybe
44,foreclosure_kinetic_sand,kinetic sand,foreclosure,wrapped in newspaper,maybe
44,foreclosure_lanyard_bin,lanyard bin,foreclosure,labeled MOM,maybe
44,foreclosure_life_vest_airline,life vest airline,foreclosure,smelling of perfume,maybe
44,foreclosure_magnetic_letters,magnetic letters,foreclosure,from a flood,maybe
44,foreclosure_maracas,maracas,foreclosure,with a dead battery,maybe
44,foreclosure_model_train_set,model train set,foreclosure,padlocked,maybe
44,foreclosure_plasma_ball,plasma ball,foreclosure,full of rice,maybe
44,foreclosure_router_wood,router wood,foreclosure,with a photo,maybe
44,foreclosure_shaving_brush,shaving brush,foreclosure,taped shut,maybe
44,foreclosure_transformers_incomplete,Transformers incomplete,foreclosure,with the wrong remote,maybe
44,foreclosure_unicycle,unicycle,foreclosure,taped shut,maybe
44,lab_angle_grinder,angle grinder,lab,won at carnival,maybe
44,lab_banjo,banjo,lab,with a dead battery,maybe
44,lab_bassinet,bassinet,lab,smelling of perfume,maybe
44,lab_choir_robe,choir robe,lab,with a receipt,maybe
44,lab_compass,compass,lab,with a dead battery,maybe
44,lab_dog_crate,dog crate,lab,labeled FREE,maybe
44,lab_earplugs_jar,earplugs jar,lab,with a note,maybe
44,lab_exercise_bike,exercise bike,lab,labeled MOM,maybe
44,lab_frisbee_glow,frisbee glow,lab,full of rice,maybe
44,lab_gi_joe_footlocker,G.I. Joe footlocker,lab,from a fire sale,maybe
44,lab_laserdisc,LaserDisc,lab,padlocked,maybe
44,lab_magic_cards_bulk,Magic cards bulk,lab,zip-tied,maybe
44,lab_milk_frother,milk frother,lab,smelling of smoke,maybe
44,lab_muzzle_soft,muzzle soft,lab,in a trash bag,maybe
44,lab_paper_fortune,paper fortune,lab,from a fire sale,maybe
44,lab_seed_packets,seed packets,lab,in a trash bag,maybe
44,lab_sleeve_board,sleeve board,lab,zip-tied,maybe
44,lab_walkman,Walkman,lab,with a photo,maybe
44,lab_water_pik,water pik,lab,won at carnival,maybe
44,limited_air_stone_pack,air stone pack,limited,with no power cord,maybe
44,limited_atari_2600,Atari 2600,limited,glued shut,maybe
44,limited_barometer,barometer,limited,with a photo,maybe
44,limited_chest_empty,chest empty,limited,with the wrong remote,maybe
44,limited_deer_antler,deer antler,limited,taped shut,maybe
44,limited_dice_casino,dice casino,limited,with the wrong remote,maybe
44,limited_dress_form,dress form,limited,with a receipt,maybe
44,limited_earplugs_jar,earplugs jar,limited,from a flood,maybe
44,limited_flare_gun_prop,flare gun prop,limited,smelling of perfume,maybe
44,limited_lego_bin_mystery,Lego bin mystery,limited,with a dead battery,maybe
44,limited_mannequin_hand,mannequin hand,limited,glued shut,maybe
44,limited_mask_venetian,mask Venetian,limited,from a flood,maybe
44,limited_master_key_blank,master key blank,limited,with a receipt,maybe
44,limited_mealworm_farm,mealworm farm,limited,with no power cord,maybe
44,limited_ouija_planchette,ouija planchette,limited,from a fire sale,maybe
44,limited_ring_light,ring light,limited,with a photo,maybe
44,limited_shin_guards,shin guards,limited,from a flood,maybe
44,limited_spray_paint_crate,spray paint crate,limited,in a trash bag,maybe
44,limited_toothpick_dispenser,toothpick dispenser,limited,with a photo,maybe
44,limited_training_dummy,training dummy,limited,from a fire sale,maybe
44,limited_trombone_slide,trombone slide,limited,with a photo,maybe
44,limited_trunk_travel,trunk travel,limited,in a trash bag,maybe
44,limited_vr_headset_dusty,VR headset dusty,limited,won at carnival,maybe
44,plastic_agility_tunnel,agility tunnel,plastic,with no power cord,maybe
44,plastic_blood_pressure_cuff,blood pressure cuff,plastic,from a fire sale,maybe
44,plastic_car_seat_expired,car seat expired,plastic,from a fire sale,maybe
44,plastic_catnip_pillow,catnip pillow,plastic,smelling of smoke,maybe
44,plastic_confetti_cannon,confetti cannon,plastic,wrapped in newspaper,maybe
44,plastic_embosser_seal,embosser seal,plastic,with the wrong remote,maybe
44,plastic_mortar_pestle,mortar pestle,plastic,with the wrong remote,maybe
44,plastic_plunger_deluxe,plunger deluxe,plastic,won at carnival,maybe
44,plastic_rubber_stamp_set,rubber stamp set,plastic,labeled MOM,maybe
44,plastic_seam_ripper_jar,seam ripper jar,plastic,zip-tied,maybe
44,plastic_yo_yo_collection,yo-yo collection,plastic,with a note,maybe
44,rusty_addressograph,addressograph,rusty,wrapped in newspaper,maybe
44,rusty_bidet_attachment,bidet attachment,rusty,with the wrong remote,maybe
44,rusty_brine_shrimp_hatchery,brine shrimp hatchery,rusty,never opened,maybe
44,rusty_buddha_fat,buddha fat,rusty,in a trash bag,maybe
44,rusty_changing_table,changing table,rusty,with a dead battery,maybe
44,rusty_clown_nose_jar,clown nose jar,rusty,with a photo,maybe
44,rusty_diploma_blank,diploma blank,rusty,smelling of perfume,maybe
44,rusty_disco_ball_mini,disco ball mini,rusty,never opened,maybe
44,rusty_hand_truck,hand truck,rusty,never opened,maybe
44,rusty_hat_box_tower,hat box tower,rusty,with no power cord,maybe
44,rusty_knee_pads,knee pads,rusty,with mouse droppings,maybe
44,rusty_matchbook_collection,matchbook collection,rusty,opened once,maybe
44,rusty_pool_noodle_bin,pool noodle bin,rusty,with a photo,maybe
44,rusty_sandcastle_mold,sandcastle mold,rusty,full of rice,maybe
44,rusty_sandwich_press,sandwich press,rusty,won at carnival,maybe
44,rusty_snake_skin_shed,snake skin shed,rusty,full of coins,maybe
44,rusty_weave_poles,weave poles,rusty,with a photo,maybe
44,school_booster_seat,booster seat,school,labeled DO NOT SELL,maybe
44,school_card_shuffler,card shuffler,school,full of coins,maybe
44,school_cheese_board,cheese board,school,with a receipt,maybe
44,school_gag_teeth,gag teeth,school,full of rice,maybe
44,school_hockey_puck_signed,hockey puck signed,school,from a fire sale,maybe
44,school_hot_plate,hot plate,school,smelling of smoke,maybe
44,school_kaleidoscope,kaleidoscope,school,in a trash bag,maybe
44,school_key_cabinet,key cabinet,school,with a photo,maybe
44,school_medal_box,medal box,school,full of rice,maybe
44,school_motion_sensor,motion sensor,school,taped shut,maybe
44,school_parrot_perch,parrot perch,school,with mouse droppings,maybe
44,school_pumice_stone,pumice stone,school,from a fire sale,maybe
44,school_shin_guards,shin guards,school,with a receipt,maybe
44,school_shoe_polish_kit,shoe polish kit,school,with the wrong remote,maybe
44,school_squeaky_toy_flat,squeaky toy flat,school,full of coins,maybe
44,school_stretcher_fold,stretcher fold,school,zip-tied,maybe
44,school_veil_boxed,veil boxed,school,with no power cord,maybe
44,signed_baby_carrier,baby carrier,signed,full of sand,maybe
44,signed_bo_staff,bo staff,signed,zip-tied,maybe
44,signed_bullet_belt_dummy,bullet belt dummy,signed,with instructions missing page 2,maybe
44,signed_flintlock_replica,flintlock replica,signed,opened once,maybe
44,signed_flute_school,flute school,signed,labeled FREE,maybe
44,signed_garden_gnome_army,garden gnome army,signed,with no power cord,maybe
44,signed_glucose_meter,glucose meter,signed,with the wrong remote,maybe
44,signed_jigsaw,jigsaw,signed,never opened,maybe
44,signed_jump_rope_weighted,jump rope weighted,signed,padlocked,maybe
44,signed_makeup_case,makeup case,signed,padlocked,maybe
44,signed_meditation_cushion,meditation cushion,signed,with a photo,maybe
44,signed_otoscope,otoscope,signed,with no power cord,maybe
44,signed_police_scanner,police scanner,signed,with mouse droppings,maybe
44,signed_printer_carcass,printer carcass,signed,labeled DO NOT SELL,maybe
44,signed_scale_weighing_pets,scale weighing pets,signed,with a note,maybe
44,signed_sneezing_powder,sneezing powder,signed,labeled MOM,maybe
44,signed_spigot_key,spigot key,signed,with the wrong remote,maybe
44,signed_survival_kit,survival kit,signed,zip-tied,maybe
44,signed_tow_strap,tow strap,signed,taped shut,maybe
44,signed_veil_boxed,veil boxed,signed,full of coins,maybe
44,signed_waterproof_radio,waterproof radio,signed,labeled MOM,maybe
43,burnt_balloon_animal_kit,balloon animal kit,burnt,with a dead battery,maybe
43,burnt_blackjack_table_toy,blackjack table toy,burnt,padlocked,maybe
43,burnt_blacklight,blacklight,burnt,full of coins,maybe
43,burnt_bunsen_burner,bunsen burner,burnt,with a photo,maybe
43,burnt_cb_radio,CB radio,burnt,with the wrong remote,maybe
43,burnt_chess_set_ivory_fake,chess set ivory fake,burnt,full of sand,maybe
43,burnt_clarinet,clarinet,burnt,smelling of perfume,maybe
43,burnt_coolers_full_of_sand,coolers full of sand,burnt,smelling of smoke,maybe
43,burnt_dice_casino,dice casino,burnt,smelling of smoke,maybe
43,burnt_embroidery_hoop,embroidery hoop,burnt,with instructions missing page 2,maybe
43,burnt_hamster_ball,hamster ball,burnt,with a receipt,maybe
43,burnt_itching_powder,itching powder,burnt,labeled DO NOT SELL,maybe
43,burnt_kazoo_set,kazoo set,burnt,with no power cord,maybe
43,burnt_magnetic_letters,magnetic letters,burnt,with instructions missing page 2,maybe
43,burnt_moose_plaque,moose plaque,burnt,labeled MOM,maybe
43,burnt_raclette_grill,raclette grill,burnt,from a fire sale,maybe
43,burnt_ring_light,ring light,burnt,full of sand,maybe
43,burnt_roomba_shell,roomba shell,burnt,with the wrong remote,maybe
43,burnt_ship_clock,ship clock,burnt,smelling of perfume,maybe
43,burnt_slot_machine_bank,slot machine bank,burnt,with a photo,maybe
43,burnt_softbox_stand,softbox stand,burnt,with mouse droppings,maybe
43,burnt_sound_machine,sound machine,burnt,zip-tied,maybe
43,burnt_toilet_auger,toilet auger,burnt,with a note,maybe
43,burnt_walker_banned,walker banned,burnt,full of rice,maybe
43,dedicated_abacus,abacus,dedicated,opened once,maybe
43,dedicated_badge_replica,badge replica,dedicated,full of rice,maybe
43,dedicated_beach_umbrella,beach umbrella,dedicated,from a fire sale,maybe
43,dedicated_exersaucer,exersaucer,dedicated,with instructions missing page 2,maybe
43,dedicated_gate_remote,gate remote,dedicated,from a flood,maybe
43,dedicated_heat_rock,heat rock,dedicated,never opened,maybe
43,dedicated_ink_stone,ink stone,dedicated,labeled FREE,maybe
43,dedicated_juicer,juicer,dedicated,labeled MOM,maybe
43,dedicated_pa_speaker,PA speaker,dedicated,with mouse droppings,maybe
43,dedicated_pendulum_kit,pendulum kit,dedicated,with instructions missing page 2,maybe
43,dedicated_pet_id_tag_engraver,pet ID tag engraver,dedicated,with a photo,maybe
43,dedicated_pipe_rack,pipe rack,dedicated,with a photo,maybe
43,dedicated_place_card_holder,place card holder,dedicated,full of rice,maybe
43,dedicated_pressure_cooker,pressure cooker,dedicated,labeled MOM,maybe
43,dedicated_rc_helicopter,RC helicopter,dedicated,full of coins,maybe
43,dedicated_red_light_panel,red light panel,dedicated,never opened,maybe
43,dedicated_robot_vacuum_dead,robot vacuum dead,dedicated,labeled FREE,maybe
43,dedicated_saxophone_dented,saxophone dented,dedicated,labeled MOM,maybe
43,dedicated_snorkel_set,snorkel set,dedicated,labeled MOM,maybe
43,dedicated_steel_drum,steel drum,dedicated,with mouse droppings,maybe
43,dedicated_tambourine,tambourine,dedicated,with a note,maybe
43,dedicated_umbrella_stroller,umbrella stroller,dedicated,with mouse droppings,maybe
43,dedicated_unity_candle,unity candle,dedicated,labeled FREE,maybe
43,dedicated_uv_nail_lamp,UV nail lamp,dedicated,from a flood,yes
43,dedicated_weather_house,weather house,dedicated,opened once,maybe
43,expired_activity_gym,activity gym,expired,won at carnival,maybe
43,expired_baby_shoes_bronze,baby shoes bronze,expired,labeled FREE,maybe
43,expired_badge_replica,badge replica,expired,full of coins,maybe
43,expired_boomerang,boomerang,expired,full of sand,maybe
43,expired_box_fan,box fan,expired,with no power cord,maybe
43,expired_ceiling_fan_blade,ceiling fan blade,expired,with a receipt,maybe
43,expired_citronella_bucket,citronella bucket,expired,smelling of smoke,maybe
43,expired_extension_cord_nest,extension cord nest,expired,full of sand,maybe
43,expired_first_aid_antique,first aid antique,expired,wrapped in newspaper,maybe
43,expired_lantern_railroad,lantern railroad,expired,with a dead battery,maybe
43,expired_lizard_hide,lizard hide,expired,smelling of perfume,maybe
43,expired_metal_detector,metal detector,expired,padlocked,maybe
43,expired_military_uniform,military uniform,expired,full of coins,maybe
43,expired_mres_expired,MREs expired,expired,from a flood,maybe
43,expired_pet_stroller,pet stroller,expired,with a photo,maybe
43,expired_photo_album_mold,photo album mold,expired,wrapped in newspaper,maybe
43,expired_plate_divider_kids,plate divider kids,expired,full of rice,maybe
43,expired_popcorn_machine,popcorn machine,expired,labeled MOM,maybe
43,expired_shaving_brush,shaving brush,expired,smelling of smoke,maybe
43,expired_snake_drain,snake drain,expired,with no power cord,maybe
43,expired_sterilizer,sterilizer,expired,with instructions missing page 2,maybe
43,foreclosure_afghan_granny,afghan granny,foreclosure,labeled MOM,maybe
43,foreclosure_breast_pump,breast pump,foreclosure,with no power cord,maybe
43,foreclosure_bumper_sticker_sheet,bumper sticker sheet,foreclosure,with a photo,maybe
43,foreclosure_cat_tree,cat tree,foreclosure,with a note,maybe
43,foreclosure_electric_toothbrush,electric toothbrush,foreclosure,with instructions missing page 2,maybe
43,foreclosure_eyelash_curler,eyelash curler,foreclosure,with the wrong remote,maybe
43,foreclosure_fake_vomit,fake vomit,foreclosure,opened once,maybe
43,foreclosure_hive_frame,hive frame,foreclosure,won at carnival,maybe
43,foreclosure_ice_bag_rubber,ice bag rubber,foreclosure,from a fire sale,maybe
43,foreclosure_mahjong_set,mahjong set,foreclosure,in a trash bag,maybe
43,foreclosure_marker_bin,marker bin,foreclosure,padlocked,maybe
43,foreclosure_mouthguard_sports,mouthguard sports,foreclosure,full of rice,maybe
43,foreclosure_party_popper_crate,party popper crate,foreclosure,won at carnival,maybe
43,foreclosure_prayer_beads,prayer beads,foreclosure,from a flood,maybe
43,foreclosure_row_machine,row machine,foreclosure,with a photo,maybe
43,foreclosure_signal_mirror,signal mirror,foreclosure,full of coins,maybe
43,foreclosure_smoker_bee,smoker bee,foreclosure,labeled MOM,maybe
43,foreclosure_surge_protector_fried,surge protector fried,foreclosure,never opened,maybe
43,foreclosure_thimble_set,thimble set,foreclosure,smelling of perfume,maybe
43,foreclosure_wind_vane_toy,wind vane toy,foreclosure,full of sand,maybe
43,lab_bocce_ball,bocce ball,lab,with a photo,maybe
43,lab_chocolate_fountain,chocolate fountain,lab,with a receipt,maybe
43,lab_clarinet,clarinet,lab,from a flood,maybe
43,lab_cuckoo_nest_empty,cuckoo nest empty,lab,never opened,maybe
43,lab_ferret_hammock,ferret hammock,lab,full of coins,maybe
43,lab_flare_gun_prop,flare gun prop,lab,glued shut,maybe
43,lab_flea_bomb_empty,flea bomb empty,lab,opened once,maybe
43,lab_floppy_box,floppy box,lab,never opened,maybe
43,lab_fondant_kit,fondant kit,lab,smelling of perfume,maybe
43,lab_kazoo_set,kazoo set,lab,smelling of smoke,maybe
43,lab_medical_dummy,medical dummy,lab,with a photo,maybe
43,lab_red_light_panel,red light panel,lab,full of rice,maybe
43,lab_router_wood,router wood,lab,in a trash bag,maybe
43,lab_suitcase_spinner_dead,suitcase spinner dead,lab,with the wrong remote,maybe
43,lab_syringe_prop,syringe prop,lab,with the wrong remote,maybe
43,lab_table_runner,table runner,lab,with instructions missing page 2,maybe
43,lab_tarot_deck,tarot deck,lab,wrapped in newspaper,maybe
43,lab_throw_blanket,throw blanket,lab,taped shut,maybe
43,lab_tower_fan,tower fan,lab,with a photo,maybe
43,limited_cedar_chest,cedar chest,limited,with a note,maybe
43,limited_chalkboard_easel,chalkboard easel,limited,won at carnival,maybe
43,limited_cup_athletic,cup athletic,limited,never opened,maybe
43,limited_deodorant_stone,deodorant stone,limited,with a dead battery,maybe
43,limited_dress_form_adjustable,dress form adjustable,limited,glued shut,maybe
43,limited_hospital_tray,hospital tray,limited,wrapped in newspaper,maybe
43,limited_human_anatomy_model,human anatomy model,limited,labeled FREE,maybe
43,limited_jersey_framed,jersey framed,limited,full of coins,maybe
43,limited_kiln_mini,kiln mini,limited,labeled FREE,maybe
43,limited_litter_genie,litter genie,limited,wrapped in newspaper,maybe
43,limited_meditation_cushion,meditation cushion,limited,labeled DO NOT SELL,maybe
43,limited_menu_diner,menu diner,limited,taped shut,maybe
43,limited_metronome_windup,metronome windup,limited,from a fire sale,maybe
43,limited_palette_knife_set,palette knife set,limited,won at carnival,maybe
43,limited_pet_id_tag_engraver,pet ID tag engraver,limited,full of sand,maybe
43,limited_printer_carcass,printer carcass,limited,zip-tied,maybe
43,limited_refractometer,refractometer,limited,smelling of smoke,maybe
43,limited_sneezing_powder,sneezing powder,limited,wrapped in newspaper,maybe
43,limited_straight_razor,straight razor,limited,with a receipt,maybe
43,limited_stress_ball_face,stress ball face,limited,with mouse droppings,maybe
43,limited_tea_tin_set,tea tin set,limited,never opened,maybe
43,limited_toast_rack,toast rack,limited,with the wrong remote,maybe
43,limited_toothbrush_travel,toothbrush travel,limited,with a dead battery,maybe
43,plastic_abacus_kids,abacus kids,plastic,from a fire sale,maybe
43,plastic_certificate_laminated,certificate laminated,plastic,labeled DO NOT SELL,maybe
43,plastic_crt_green_terminal,CRT green terminal,plastic,full of rice,maybe
43,plastic_dehumidifier_dead,dehumidifier dead,plastic,won at carnival,maybe
43,plastic_fountain_pen,fountain pen,plastic,smelling of perfume,maybe
43,plastic_luggage_strap,luggage strap,plastic,from a fire sale,maybe
43,plastic_pin_cushion_tomato,pin cushion tomato,plastic,won at carnival,maybe
43,plastic_slime_jar,slime jar,plastic,with the wrong remote,maybe
43,plastic_stacking_rings,stacking rings,plastic,smelling of perfume,maybe
43,plastic_survival_kit,survival kit,plastic,labeled DO NOT SELL,maybe
43,plastic_tambourine,tambourine,plastic,smelling of perfume,maybe
43,plastic_toy_chest,toy chest,plastic,with a photo,maybe
43,plastic_whistle_referee,whistle referee,plastic,with a photo,maybe
43,plastic_window_ac_unit,window AC unit,plastic,opened once,maybe
43,rusty_air_fryer,air fryer,rusty,glued shut,maybe
43,rusty_badge_replica,badge replica,rusty,with a dead battery,maybe
43,rusty_bath_bomb_crate,bath bomb crate,rusty,with a photo,maybe
43,rusty_bird_swing,bird swing,rusty,with a photo,maybe
43,rusty_cape_velvet,cape velvet,rusty,zip-tied,maybe
43,rusty_cat_tree,cat tree,rusty,with the wrong remote,maybe
43,rusty_donut_maker,donut maker,rusty,in a trash bag,maybe
43,rusty_hope_chest,hope chest,rusty,full of sand,maybe
43,rusty_incense_skull,incense skull,rusty,in a trash bag,maybe
43,rusty_kitchen_timer,kitchen timer,rusty,smelling of smoke,maybe
43,rusty_manicure_set,manicure set,rusty,from a flood,maybe
43,rusty_origami_paper,origami paper,rusty,with a dead battery,maybe
43,rusty_overhead_projector,overhead projector,rusty,glued shut,maybe
43,rusty_shoe_polish_kit,shoe polish kit,rusty,smelling of perfume,maybe
43,rusty_sock_puppet_kit,sock puppet kit,rusty,full of sand,maybe
43,rusty_soil_tester,soil tester,rusty,smelling of perfume,maybe
43,rusty_tank_model,tank model,rusty,with mouse droppings,maybe
43,rusty_wedding_cake_knife,wedding cake knife,rusty,with a receipt,maybe
43,rusty_wind_vane_toy,wind vane toy,rusty,labeled FREE,maybe
43,rusty_yoga_block,yoga block,rusty,never opened,maybe
43,rusty_zip_drive,ZIP drive,rusty,labeled DO NOT SELL,maybe
43,school_alarm_clock_windup,alarm clock windup,school,smelling of perfume,maybe
43,school_algae_scraper,algae scraper,school,full of rice,maybe
43,school_baseball_cards_shoe_box,baseball cards shoe box,school,smelling of perfume,maybe
43,school_bath_thermometer,bath thermometer,school,with mouse droppings,maybe
43,school_bubble_machine,bubble machine,school,opened once,maybe
43,school_cabinet_speaker,cabinet speaker,school,full of coins,maybe
43,school_cardboard_condo,cardboard condo,school,labeled FREE,maybe
43,school_chicken_feeder,chicken feeder,school,zip-tied,maybe
43,school_fireworks_illegal,fireworks illegal,school,with instructions missing page 2,maybe
43,school_fountain_pen,fountain pen,school,from a flood,maybe
43,school_ironing_board,ironing board,school,labeled MOM,maybe
43,school_microscope,microscope,school,with a receipt,maybe
43,school_pacifier_collection,pacifier collection,school,full of sand,maybe
43,school_paint_set_oils,paint set oils,school,from a flood,maybe
43,school_parachute_toy,parachute toy,school,full of coins,maybe
43,school_plunger_deluxe,plunger deluxe,school,zip-tied,maybe
43,school_refractometer,refractometer,school,glued shut,maybe
43,school_sewing_form,sewing form,school,with a photo,maybe
43,school_strobe_light,strobe light,school,in a trash bag,maybe
43,school_walker_wheels,walker wheels,school,with mouse droppings,maybe
43,school_yearbook_signed,yearbook signed,school,from a fire sale,maybe
43,signed_check_writer,check writer,signed,full of sand,maybe
43,signed_elastic_spool,elastic spool,signed,with no power cord,maybe
43,signed_fax_machine,fax machine,signed,with a dead battery,maybe
43,signed_flask_engraved,flask engraved,signed,with mouse droppings,maybe
43,signed_fountain_pen,fountain pen,signed,glued shut,maybe
43,signed_heat_rock,heat rock,signed,labeled MOM,maybe
43,signed_hospital_tray,hospital tray,signed,labeled MOM,maybe
43,signed_marionette,marionette,signed,smelling of smoke,maybe
43,signed_plant_grow_tent,plant grow tent,signed,from a fire sale,maybe
43,signed_potty_chair,potty chair,signed,glued shut,maybe
43,signed_seam_ripper_jar,seam ripper jar,signed,full of sand,maybe
43,signed_soap_dish_shell,soap dish shell,signed,smelling of perfume,maybe
43,signed_strobe_light,strobe light,signed,with a photo,maybe
43,signed_trophy_bowling,trophy bowling,signed,opened once,maybe
43,signed_ultrasonic_pest,ultrasonic pest,signed,from a flood,maybe
43,signed_water_pik,water pik,signed,zip-tied,maybe
43,signed_whistle_referee,whistle referee,signed,labeled DO NOT SELL,maybe
43,signed_window_perch,window perch,signed,with a note,maybe
43,signed_xlr_snake,XLR snake,signed,with a note,maybe
42,burnt_ammo_can_empty,ammo can empty,burnt,wrapped in newspaper,maybe
42,burnt_bassinet,bassinet,burnt,with the wrong remote,maybe
42,burnt_bike_lock,bike lock,burnt,full of rice,maybe
42,burnt_brine_shrimp_hatchery,brine shrimp hatchery,burnt,with no power cord,maybe
42,burnt_camera_bag_empty,camera bag empty,burnt,with a note,maybe
42,burnt_candelabra,candelabra,burnt,with mouse droppings,maybe
42,burnt_cheer_megaphone,cheer megaphone,burnt,glued shut,maybe
42,burnt_first_aid_antique,first aid antique,burnt,with a dead battery,maybe
42,burnt_flash_cards,flash cards,burnt,taped shut,maybe
42,burnt_furniture_dolly,furniture dolly,burnt,glued shut,maybe
42,burnt_gas_mask_toy,gas mask toy,burnt,with a receipt,maybe
42,burnt_mixing_board,mixing board,burnt,padlocked,maybe
42,burnt_modeling_clay,modeling clay,burnt,opened once,maybe
42,burnt_mouthguard_sports,mouthguard sports,burnt,wrapped in newspaper,maybe
42,burnt_otoscope,otoscope,burnt,never opened,maybe
42,burnt_plate_divider_kids,plate divider kids,burnt,labeled MOM,maybe
42,burnt_popcorn_machine,popcorn machine,burnt,never opened,maybe
42,burnt_puppet_theater,puppet theater,burnt,with a photo,maybe
42,burnt_rope_toy_frayed,rope toy frayed,burnt,from a flood,maybe
42,burnt_security_camera_dummy,security camera dummy,burnt,with a note,maybe
42,burnt_tanning_lamp,tanning lamp,burnt,labeled DO NOT SELL,yes
42,burnt_trophy_bowling,trophy bowling,burnt,full of coins,maybe
42,burnt_xylophone_kids,xylophone kids,burnt,padlocked,maybe
42,dedicated_addressograph,addressograph,dedicated,with mouse droppings,maybe
42,dedicated_answering_machine,answering machine,dedicated,with instructions missing page 2,maybe
42,dedicated_backgammon_board,backgammon board,dedicated,opened once,maybe
42,dedicated_choir_robe,choir robe,dedicated,labeled FREE,maybe
42,dedicated_creamer_cow,creamer cow,dedicated,opened once,maybe
42,dedicated_deer_antler,deer antler,dedicated,glued shut,maybe
42,dedicated_elastic_spool,elastic spool,dedicated,smelling of smoke,maybe
42,dedicated_embosser_seal,embosser seal,dedicated,glued shut,maybe
42,dedicated_flask_engraved,flask engraved,dedicated,full of rice,maybe
42,dedicated_foot_spa,foot spa,dedicated,with no power cord,maybe
42,dedicated_ghost_detector,ghost detector,dedicated,full of rice,maybe
42,dedicated_motion_sensor,motion sensor,dedicated,smelling of smoke,maybe
42,dedicated_mouthguard_case,mouthguard case,dedicated,with the wrong remote,maybe
42,dedicated_palette_knife_set,palette knife set,dedicated,labeled DO NOT SELL,maybe
42,dedicated_skull_candle_holder,skull candle holder,dedicated,with a dead battery,maybe
42,dedicated_sock_puppet_kit,sock puppet kit,dedicated,labeled FREE,maybe
42,dedicated_sparkler_box,sparkler box,dedicated,taped shut,maybe
42,dedicated_thread_rack,thread rack,dedicated,with a dead battery,maybe
42,dedicated_turntable,turntable,dedicated,with the wrong remote,maybe
42,dedicated_turtle_shell,turtle shell,dedicated,in a trash bag,maybe
42,expired_alarm_keypad,alarm keypad,expired,with a receipt,maybe
42,expired_buddha_fat,buddha fat,expired,with mouse droppings,maybe
42,expired_busy_board,busy board,expired,in a trash bag,maybe
42,expired_chuckit_launcher,chuckit launcher,expired,labeled MOM,maybe
42,expired_church_hymnal,church hymnal,expired,with mouse droppings,maybe
42,expired_cigar_humidor,cigar humidor,expired,never opened,maybe
42,expired_commode_chair,commode chair,expired,smelling of perfume,maybe
42,expired_cookie_cutter_tin,cookie cutter tin,expired,opened once,maybe
42,expired_crochet_hook_set,crochet hook set,expired,labeled DO NOT SELL,maybe
42,expired_dashcam,dashcam,expired,full of rice,maybe
42,expired_dreamcatcher,dreamcatcher,expired,opened once,maybe
42,expired_flash_cards,flash cards,expired,opened once,maybe
42,expired_fondant_kit,fondant kit,expired,taped shut,maybe
42,expired_headrest_cover_stack,headrest cover stack,expired,with a receipt,maybe
42,expired_maracas,maracas,expired,labeled MOM,maybe
42,expired_rattle_keys,rattle keys,expired,glued shut,maybe
42,expired_rotary_phone,rotary phone,expired,never opened,maybe
42,expired_rubber_duck_army,rubber duck army,expired,with no power cord,maybe
42,expired_softbox_stand,softbox stand,expired,in a trash bag,maybe
42,expired_soil_tester,soil tester,expired,from a flood,maybe
42,expired_spice_rack_full,spice rack full,expired,with instructions missing page 2,maybe
42,expired_toasting_goblets,toasting goblets,expired,with mouse droppings,maybe
42,expired_ultrasound_photo,ultrasound photo,expired,full of rice,maybe
42,expired_weather_house,weather house,expired,glued shut,maybe
42,expired_wind_vane_toy,wind vane toy,expired,won at carnival,maybe
42,foreclosure_bath_pillow,bath pillow,foreclosure,from a fire sale,maybe
42,foreclosure_bird_swing,bird swing,foreclosure,in a trash bag,maybe
42,foreclosure_catio_panel,catio panel,foreclosure,full of coins,maybe
42,foreclosure_diploma_blank,diploma blank,foreclosure,with instructions missing page 2,maybe
42,foreclosure_dress_form,dress form,foreclosure,from a flood,maybe
42,foreclosure_iv_stand,IV stand,foreclosure,zip-tied,maybe
42,foreclosure_jukebox,jukebox,foreclosure,smelling of smoke,maybe
42,foreclosure_lizard_hide,lizard hide,foreclosure,with a note,maybe
42,foreclosure_millet_spray,millet spray,foreclosure,opened once,maybe
42,foreclosure_nunchaku_foam,nunchaku foam,foreclosure,full of coins,maybe
42,foreclosure_pager,pager,foreclosure,labeled DO NOT SELL,maybe
42,foreclosure_safe_dial_practice,safe dial practice,foreclosure,labeled DO NOT SELL,maybe
42,foreclosure_slug_pellets,slug pellets,foreclosure,with the wrong remote,maybe
42,foreclosure_soap_on_a_rope,soap on a rope,foreclosure,zip-tied,maybe
42,foreclosure_stroller_fold,stroller fold,foreclosure,smelling of smoke,maybe
42,lab_action_figure_loose,action figure loose,lab,smelling of perfume,maybe
42,lab_aftershave_splash,aftershave splash,lab,won at carnival,maybe
42,lab_ammo_can_empty,ammo can empty,lab,with a dead battery,maybe
42,lab_answering_machine,answering machine,lab,glued shut,maybe
42,lab_cello_broken,cello broken,lab,full of sand,maybe
42,lab_compact_mirror,compact mirror,lab,opened once,maybe
42,lab_dat_tape,DAT tape,lab,taped shut,maybe
42,lab_die_cut_machine,die cut machine,lab,from a fire sale,maybe
42,lab_fly_swatter_set,fly swatter set,lab,won at carnival,maybe
42,lab_fossil_ammonite,fossil ammonite,lab,full of sand,maybe
42,lab_ketchup_pump,ketchup pump,lab,from a flood,maybe
42,lab_knitting_needles,knitting needles,lab,labeled MOM,maybe
42,lab_mres_expired,MREs expired,lab,with a receipt,maybe
42,lab_swamp_cooler,swamp cooler,lab,full of rice,maybe
42,lab_toilet_auger,toilet auger,lab,with instructions missing page 2,maybe
42,lab_tow_strap,tow strap,lab,opened once,maybe
42,limited_bassinet,bassinet,limited,with a note,maybe
42,limited_blender,blender,limited,from a fire sale,maybe
42,limited_crt_green_terminal,CRT green terminal,limited,with mouse droppings,maybe
42,limited_doorbell_wireless,doorbell wireless,limited,wrapped in newspaper,maybe
42,limited_elbow_pads,elbow pads,limited,padlocked,maybe
42,limited_grafting_knife,grafting knife,limited,from a flood,maybe
42,limited_jigsaw,jigsaw,limited,with a dead battery,maybe
42,limited_mortar_pharmacy,mortar pharmacy,limited,won at carnival,maybe
42,limited_pet_stairs,pet stairs,limited,never opened,maybe
42,limited_red_light_panel,red light panel,limited,wrapped in newspaper,maybe
42,limited_ring_pillow,ring pillow,limited,zip-tied,maybe
42,limited_tuxedo_bag,tuxedo bag,limited,with a dead battery,maybe
42,limited_water_pik,water pik,limited,full of sand,maybe
42,limited_waterproof_radio,waterproof radio,limited,wrapped in newspaper,maybe
42,limited_white_noise_machine,white noise machine,limited,labeled DO NOT SELL,maybe
42,plastic_air_stone_pack,air stone pack,plastic,smelling of smoke,maybe
42,plastic_anchor_paperweight,anchor paperweight,plastic,wrapped in newspaper,maybe
42,plastic_deep_fryer,deep fryer,plastic,never opened,maybe
42,plastic_deodorant_stone,deodorant stone,plastic,full of coins,maybe
42,plastic_hacky_sack_jar,hacky sack jar,plastic,zip-tied,maybe
42,plastic_hotel_soap_crate,hotel soap crate,plastic,with a note,maybe
42,plastic_life_vest,life vest,plastic,glued shut,maybe
42,plastic_loofah_on_stick,loofah on stick,plastic,glued shut,maybe
42,plastic_midi_keyboard,MIDI keyboard,plastic,smelling of perfume,maybe
42,plastic_model_airplane,model airplane,plastic,with mouse droppings,maybe
42,plastic_mouthpiece,mouthpiece,plastic,wrapped in newspaper,maybe
42,plastic_otoscope,otoscope,plastic,opened once,maybe
42,plastic_palette_knife_set,palette knife set,plastic,zip-tied,maybe
42,plastic_pogo_stick,pogo stick,plastic,with mouse droppings,maybe
42,plastic_polaroid_pack_expired,polaroid pack expired,plastic,won at carnival,maybe
42,plastic_rat_trap,rat trap,plastic,full of coins,maybe
42,plastic_roomba_shell,roomba shell,plastic,with instructions missing page 2,maybe
42,plastic_sparkler_box,sparkler box,plastic,smelling of smoke,maybe
42,plastic_stink_bomb_pack,stink bomb pack,plastic,smelling of smoke,maybe
42,plastic_sumi_kit,sumi kit,plastic,with instructions missing page 2,maybe
42,rusty_bottle_ship_broken,bottle ship broken,rusty,taped shut,maybe
42,rusty_bulb_mesh_bag,bulb mesh bag,rusty,from a fire sale,maybe
42,rusty_cone_of_shame,cone of shame,rusty,from a fire sale,maybe
42,rusty_dashcam,dashcam,rusty,with mouse droppings,maybe
42,rusty_duffel_army,duffel army,rusty,wrapped in newspaper,maybe
42,rusty_egg_cup_set,egg cup set,rusty,labeled FREE,maybe
42,rusty_gag_teeth,gag teeth,rusty,labeled MOM,maybe
42,rusty_incense_burner,incense burner,rusty,wrapped in newspaper,maybe
42,rusty_lathe_mini,lathe mini,rusty,from a fire sale,maybe
42,rusty_marker_bin,marker bin,rusty,with a receipt,maybe
42,rusty_microchip_scanner,microchip scanner,rusty,labeled MOM,maybe
42,rusty_pop_filter,pop filter,rusty,labeled FREE,maybe
42,rusty_pressure_cooker,pressure cooker,rusty,full of coins,maybe
42,rusty_ukulele,ukulele,rusty,with a note,maybe
42,rusty_wax_seal_kit,wax seal kit,rusty,labeled FREE,maybe
42,school_abacus,abacus,school,smelling of smoke,maybe
42,school_bug_zapper,bug zapper,school,full of rice,maybe
42,school_clown_nose_jar,clown nose jar,school,zip-tied,maybe
42,school_corkscrew_fancy,corkscrew fancy,school,with no power cord,maybe
42,school_cotton_candy_spinner,cotton candy spinner,school,labeled DO NOT SELL,maybe
42,school_defibrillator_prop,defibrillator prop,school,with instructions missing page 2,maybe
42,school_discman,Discman,school,never opened,maybe
42,school_easel_collapsible,easel collapsible,school,padlocked,maybe
42,school_elizabethan_collar,elizabethan collar,school,glued shut,maybe
42,school_mantel_clock,mantel clock,school,full of sand,maybe
42,school_mouthpiece,mouthpiece,school,with a dead battery,maybe
42,school_nutrient_bottles,nutrient bottles,school,full of rice,maybe
42,school_poker_table_felt,poker table felt,school,labeled DO NOT SELL,maybe
42,school_salt_pepper_set,salt pepper set,school,full of sand,maybe
42,school_score_sheet_stack,score sheet stack,school,wrapped in newspaper,maybe
42,school_thread_rack,thread rack,school,never opened,maybe
42,school_top_hat_rabbit,top hat rabbit,school,glued shut,maybe
42,school_visa_stamp_toy,visa stamp toy,school,from a fire sale,maybe
42,school_watering_can,watering can,school,opened once,maybe
42,school_whoopee_remote,whoopee remote,school,labeled FREE,maybe
42,school_window_ac_unit,window AC unit,school,taped shut,maybe
42,signed_action_cam_cracked,action cam cracked,signed,labeled FREE,maybe
42,signed_bill_counter,bill counter,signed,with a dead battery,maybe
42,signed_boarding_pass_printer,boarding pass printer,signed,with no power cord,maybe
42,signed_cannonball_iron,cannonball iron,signed,in a trash bag,maybe
42,signed_ceramics_greenware,ceramics greenware,signed,wrapped in newspaper,maybe
42,signed_chain_and_lock,chain and lock,signed,smelling of smoke,maybe
42,signed_compass_brass,compass brass,signed,won at carnival,maybe
42,signed_cookbook_stained,cookbook stained,signed,full of coins,maybe
42,signed_helmet,helmet,signed,glued shut,maybe
42,signed_juggling_clubs,juggling clubs,signed,from a fire sale,maybe
42,signed_lawn_flamingo_pair,lawn flamingo pair,signed,glued shut,maybe
42,signed_mannequin_hand,mannequin hand,signed,smelling of perfume,maybe
42,signed_moving_blanket,moving blanket,signed,padlocked,maybe
42,signed_tambourine,tambourine,signed,glued shut,maybe
42,signed_toothbrush_travel,toothbrush travel,signed,never opened,maybe
41,burnt_beer_growler,beer growler,burnt,smelling of perfume,maybe
41,burnt_bottle_warmer,bottle warmer,burnt,smelling of perfume,maybe
41,burnt_cannonball_iron,cannonball iron,burnt,labeled DO NOT SELL,maybe
41,burnt_chest_empty,chest empty,burnt,smelling of smoke,maybe
41,burnt_conductor_baton,conductor baton,burnt,with the wrong remote,maybe
41,burnt_drum_pad,drum pad,burnt,never opened,maybe
41,burnt_egg_beater,egg beater,burnt,smelling of perfume,maybe
41,burnt_fiber_optic_lamp,fiber optic lamp,burnt,glued shut,yes
41,burnt_frisbee_glow,frisbee glow,burnt,with mouse droppings,maybe
41,burnt_hubcap_chrome,hubcap chrome,burnt,labeled FREE,maybe
41,burnt_human_anatomy_model,human anatomy model,burnt,from a fire sale,maybe
41,burnt_juggling_clubs,juggling clubs,burnt,with instructions missing page 2,maybe
41,burnt_lanyard_bin,lanyard bin,burnt,with a dead battery,maybe
41,burnt_life_vest_airline,life vest airline,burnt,with a note,maybe
41,burnt_onesie_mystery,onesie mystery,burnt,opened once,maybe
41,burnt_resistance_bands,resistance bands,burnt,glued shut,maybe
41,burnt_rice_cooker,rice cooker,burnt,taped shut,maybe
41,burnt_sandwich_press,sandwich press,burnt,with a photo,maybe
41,burnt_shampoo_sample_bin,shampoo sample bin,burnt,full of coins,maybe
41,burnt_skate_helmet,skate helmet,burnt,with no power cord,maybe
41,burnt_snake_skin_shed,snake skin shed,burnt,opened once,maybe
41,burnt_stilts_pair,stilts pair,burnt,labeled FREE,maybe
41,burnt_syringe_prop,syringe prop,burnt,taped shut,maybe
41,burnt_t_square,T-square,burnt,full of sand,maybe
41,burnt_tray_table,tray table,burnt,zip-tied,maybe
41,burnt_world_time_clock,world time clock,burnt,opened once,maybe
41,dedicated_betamax_stack,Betamax stack,dedicated,in a trash bag,maybe
41,dedicated_compass_brass,compass brass,dedicated,zip-tied,maybe
41,dedicated_honey_extractor_toy,honey extractor toy,dedicated,smelling of perfume,maybe
41,dedicated_milk_frother,milk frother,dedicated,glued shut,maybe
41,dedicated_pop_filter,pop filter,dedicated,from a fire sale,maybe
41,dedicated_slime_jar,slime jar,dedicated,glued shut,maybe
41,dedicated_triangle_music,triangle music,dedicated,opened once,maybe
41,dedicated_violin_case_empty,violin case empty,dedicated,full of rice,maybe
41,dedicated_visa_stamp_toy,visa stamp toy,dedicated,with a receipt,maybe
41,dedicated_zune,Zune,dedicated,smelling of smoke,maybe
41,expired_afghan_granny,afghan granny,expired,wrapped in newspaper,maybe
41,expired_apothecary_jar,apothecary jar,expired,with a note,maybe
41,expired_bulb_mesh_bag,bulb mesh bag,expired,padlocked,maybe
41,expired_bumper_sticker_sheet,bumper sticker sheet,expired,labeled DO NOT SELL,maybe
41,expired_canvas_failed,canvas failed,expired,with a dead battery,maybe
41,expired_coin_sorter,coin sorter,expired,with a note,maybe
41,expired_dip_pen_set,dip pen set,expired,labeled MOM,maybe
41,expired_donut_maker,donut maker,expired,with mouse droppings,maybe
41,expired_fever_strip,fever strip,expired,with no power cord,maybe
41,expired_glue_trap_unused,glue trap unused,expired,labeled DO NOT SELL,maybe
41,expired_hemming_bird,hemming bird,expired,with a dead battery,maybe
41,expired_itching_powder,itching powder,expired,full of sand,maybe
41,expired_jukebox,jukebox,expired,opened once,maybe
41,expired_perfume_atomizer,perfume atomizer,expired,labeled DO NOT SELL,maybe
41,expired_playpen,playpen,expired,zip-tied,maybe
41,expired_safe_dial_practice,safe dial practice,expired,zip-tied,maybe
41,expired_sandwich_press,sandwich press,expired,zip-tied,maybe
41,expired_table_runner,table runner,expired,glued shut,maybe
41,expired_toothbrush_holder,toothbrush holder,expired,with a dead battery,maybe
41,expired_tuning_fork,tuning fork,expired,taped shut,maybe
41,foreclosure_badminton_set,badminton set,foreclosure,smelling of perfume,maybe
41,foreclosure_bark_collar,bark collar,foreclosure,glued shut,maybe
41,foreclosure_blender,blender,foreclosure,with instructions missing page 2,maybe
41,foreclosure_cheer_megaphone,cheer megaphone,foreclosure,with the wrong remote,maybe
41,foreclosure_cookie_cutter_tin,cookie cutter tin,foreclosure,smelling of smoke,maybe
41,foreclosure_cork_collection,cork collection,foreclosure,with a receipt,maybe
41,foreclosure_crepe_maker,crepe maker,foreclosure,full of coins,maybe
41,foreclosure_hubcap_chrome,hubcap chrome,foreclosure,padlocked,maybe
41,foreclosure_kendama,kendama,foreclosure,never opened,maybe
41,foreclosure_life_ring,life ring,foreclosure,won at carnival,maybe
41,foreclosure_lovey_missing_eye,lovey missing eye,foreclosure,with a receipt,maybe
41,foreclosure_mic_stand,mic stand,foreclosure,full of coins,maybe
41,foreclosure_shower_caddy,shower caddy,foreclosure,zip-tied,maybe
41,foreclosure_toilet_seat_gold,toilet seat gold,foreclosure,from a fire sale,maybe
41,foreclosure_tray_table,tray table,foreclosure,full of sand,maybe
41,foreclosure_world_time_clock,world time clock,foreclosure,with no power cord,maybe
41,lab_bike_trailer_pet,bike trailer pet,lab,with a note,maybe
41,lab_dreamcatcher,dreamcatcher,lab,with the wrong remote,maybe
41,lab_egg_incubator,egg incubator,lab,with instructions missing page 2,maybe
41,lab_foam_finger,foam finger,lab,zip-tied,maybe
41,lab_golf_club_set,golf club set,lab,taped shut,maybe
41,lab_hubcap_chrome,hubcap chrome,lab,won at carnival,maybe
41,lab_lovey_missing_eye,lovey missing eye,lab,padlocked,maybe
41,lab_roomba_shell,roomba shell,lab,smelling of perfume,maybe
41,lab_samurai_sword_wall,samurai sword wall,lab,wrapped in newspaper,maybe
41,lab_scrapbook_wedding,scrapbook wedding,lab,taped shut,maybe
41,lab_shake_weight,shake weight,lab,opened once,maybe
41,lab_shower_head_rain,shower head rain,lab,full of rice,maybe
41,lab_shuriken_set,shuriken set,lab,glued shut,maybe
41,lab_spigot_key,spigot key,lab,taped shut,maybe
41,lab_toothpick_dispenser,toothpick dispenser,lab,labeled DO NOT SELL,maybe
41,lab_vinyl_record,vinyl record,lab,full of sand,maybe
41,lab_wand_sparkly,wand sparkly,lab,with a dead battery,maybe
41,lab_waterproof_radio,waterproof radio,lab,full of rice,maybe
41,limited_action_cam_cracked,action cam cracked,limited,padlocked,maybe
41,limited_barf_bag_signed,barf bag signed,limited,labeled FREE,maybe
41,limited_beer_growler,beer growler,limited,with instructions missing page 2,maybe
41,limited_bottle_warmer,bottle warmer,limited,with instructions missing page 2,maybe
41,limited_bug_zapper,bug zapper,limited,in a trash bag,maybe
41,limited_catnip_pillow,catnip pillow,limited,with no power cord,maybe
41,limited_certificate_laminated,certificate laminated,limited,full of sand,maybe
41,limited_chocolate_fountain,chocolate fountain,limited,from a fire sale,maybe
41,limited_compass,compass,limited,never opened,maybe
41,limited_gas_mask_toy,gas mask toy,limited,padlocked,maybe
41,limited_gps_tracker_pet,GPS tracker pet,limited,padlocked,maybe
41,limited_hamster_ball,hamster ball,limited,padlocked,maybe
41,limited_kinetic_sand,kinetic sand,limited,full of coins,maybe
41,limited_kitchen_scale,kitchen scale,limited,zip-tied,maybe
41,limited_knitting_needles,knitting needles,limited,with a dead battery,maybe
41,limited_polaroid_pack_expired,polaroid pack expired,limited,labeled FREE,maybe
41,limited_power_strip_fire,power strip fire,limited,glued shut,maybe
41,limited_puppet_theater,puppet theater,limited,in a trash bag,maybe
41,limited_scale_weighing_pets,scale weighing pets,limited,smelling of perfume,maybe
41,limited_shower_head_rain,shower head rain,limited,wrapped in newspaper,maybe
41,limited_strobe_light,strobe light,limited,labeled DO NOT SELL,maybe
41,limited_telescope,telescope,limited,taped shut,maybe
41,limited_yo_yo_collection,yo-yo collection,limited,glued shut,maybe
41,plastic_answering_machine,answering machine,plastic,from a flood,maybe
41,plastic_backgammon_board,backgammon board,plastic,with no power cord,maybe
41,plastic_beekeeping_veil,beekeeping veil,plastic,wrapped in newspaper,maybe
41,plastic_bidet_attachment,bidet attachment,plastic,opened once,maybe
41,plastic_bocce_ball,bocce ball,plastic,in a trash bag,maybe
41,plastic_bread_machine,bread machine,plastic,from a fire sale,maybe
41,plastic_coral_frag_rack,coral frag rack,plastic,full of coins,maybe
41,plastic_cutlass_foam,cutlass foam,plastic,with a dead battery,maybe
41,plastic_dominoes_bone,dominoes bone,plastic,with a receipt,maybe
41,plastic_dress_form_adjustable,dress form adjustable,plastic,with a note,maybe
41,plastic_exercise_bike,exercise bike,plastic,full of coins,maybe
41,plastic_forehead_thermometer,forehead thermometer,plastic,with a receipt,maybe
41,plastic_gate_remote,gate remote,plastic,with a note,maybe
41,plastic_ironing_board,ironing board,plastic,full of rice,maybe
41,plastic_jigsaw,jigsaw,plastic,full of coins,maybe
41,plastic_lab_flask,lab flask,plastic,never opened,maybe
41,plastic_lantern_camping,lantern camping,plastic,zip-tied,maybe
41,plastic_latch_hook_kit,latch hook kit,plastic,with mouse droppings,maybe
41,plastic_player_piano_roll,player piano roll,plastic,from a flood,maybe
41,plastic_pokemon_cards_binder,Pokemon cards binder,plastic,full of rice,maybe
41,plastic_quilt_unfinished,quilt unfinished,plastic,full of rice,maybe
41,plastic_shaving_mug,shaving mug,plastic,with mouse droppings,maybe
41,plastic_teeter_board,teeter board,plastic,with a receipt,maybe
41,plastic_xlr_snake,XLR snake,plastic,from a flood,maybe
41,rusty_apothecary_jar,apothecary jar,rusty,glued shut,maybe
41,rusty_bottle_brush_set,bottle brush set,rusty,smelling of smoke,maybe
41,rusty_chuckit_launcher,chuckit launcher,rusty,full of rice,maybe
41,rusty_cleats_muddy,cleats muddy,rusty,zip-tied,maybe
41,rusty_eyepatch_silk,eyepatch silk,rusty,with a photo,maybe
41,rusty_garter,garter,rusty,with a note,maybe
41,rusty_ir_thermometer,IR thermometer,rusty,zip-tied,maybe
41,rusty_jumper_cables,jumper cables,rusty,with no power cord,maybe
41,rusty_medal_box,medal box,rusty,labeled MOM,maybe
41,rusty_nutrient_bottles,nutrient bottles,rusty,labeled MOM,maybe
41,rusty_onesie_mystery,onesie mystery,rusty,full of coins,maybe
41,rusty_panini_press,panini press,rusty,with a receipt,maybe
41,rusty_shell_casing_jar,shell casing jar,rusty,zip-tied,maybe
41,rusty_shower_radio,shower radio,rusty,with the wrong remote,maybe
41,rusty_spice_rack_full,spice rack full,rusty,with a note,maybe
41,rusty_trampoline_mini,trampoline mini,rusty,smelling of perfume,maybe
41,rusty_walker_banned,walker banned,rusty,in a trash bag,maybe
41,school_anchor_paperweight,anchor paperweight,school,with a dead battery,maybe
41,school_anvil_mini,anvil mini,school,won at carnival,maybe
41,school_bath_bomb_crate,bath bomb crate,school,zip-tied,maybe
41,school_bottle_brush_set,bottle brush set,school,with no power cord,maybe
41,school_box_fan,box fan,school,never opened,maybe
41,school_brooder_lamp,brooder lamp,school,with mouse droppings,yes
41,school_checkers_set,checkers set,school,with a note,maybe
41,school_cologne_splash,cologne splash,school,with the wrong remote,maybe
41,school_dashcam,dashcam,school,in a trash bag,maybe
41,school_espresso_portafilter,espresso portafilter,school,with a receipt,maybe
41,school_garden_hose_kinked,garden hose kinked,school,labeled MOM,maybe
41,school_glucose_meter,glucose meter,school,with a note,maybe
41,school_grow_journal,grow journal,school,opened once,maybe
41,school_honey_extractor_toy,honey extractor toy,school,with a note,maybe
41,school_horseshoe_set,horseshoe set,school,taped shut,maybe
41,school_jukebox,jukebox,school,full of coins,maybe
41,school_license_plate,license plate,school,with the wrong remote,maybe
41,school_mister_bottle,mister bottle,school,in a trash bag,maybe
41,school_petri_dishes,petri dishes,school,with the wrong remote,maybe
41,school_placemat_set,placemat set,school,never opened,maybe
41,school_potty_chair,potty chair,school,from a flood,maybe
41,school_quilt_unfinished,quilt unfinished,school,labeled MOM,maybe
41,school_spinner_fidget_giant,spinner fidget giant,school,with no power cord,maybe
41,school_turntable,turntable,school,glued shut,maybe
41,signed_beekeeping_veil,beekeeping veil,signed,full of rice,maybe
41,signed_butter_dish,butter dish,signed,wrapped in newspaper,maybe
41,signed_calligraphy_set,calligraphy set,signed,smelling of smoke,maybe
41,signed_elbow_pads,elbow pads,signed,labeled FREE,maybe
41,signed_guitar_pedalboard,guitar pedalboard,signed,won at carnival,maybe
41,signed_hypno_spiral,hypno spiral,signed,with mouse droppings,maybe
41,signed_mess_kit,mess kit,signed,with mouse droppings,maybe
41,signed_nameplate_desk,nameplate desk,signed,never opened,maybe
41,signed_pendulum_kit,pendulum kit,signed,with a note,maybe
41,signed_pull_tab_opener,pull-tab opener,signed,with a note,maybe
41,signed_rubber_stamp_set,rubber stamp set,signed,wrapped in newspaper,maybe
41,signed_speed_bag,speed bag,signed,with mouse droppings,maybe
41,signed_springform,springform,signed,with a receipt,maybe
41,signed_vr_headset_dusty,VR headset dusty,signed,full of sand,maybe
41,signed_wipe_warmer,wipe warmer,signed,labeled DO NOT SELL,maybe
40,burnt_arcade_stick,arcade stick,burnt,padlocked,maybe
40,burnt_conga,conga,burnt,from a flood,maybe
40,burnt_cookie_cutter_tin,cookie cutter tin,burnt,taped shut,maybe
40,burnt_fabric_shaver,fabric shaver,burnt,opened once,maybe
40,burnt_grenade_paperweight,grenade paperweight,burnt,with no power cord,maybe
40,burnt_medical_dummy,medical dummy,burnt,zip-tied,maybe
40,burnt_music_box_ballerina,music box ballerina,burnt,with a photo,maybe
40,burnt_notary_stamp_fake,notary stamp fake,burnt,labeled MOM,maybe
40,burnt_party_popper_crate,party popper crate,burnt,full of sand,maybe
40,burnt_singing_bowl,singing bowl,burnt,padlocked,maybe
40,burnt_slug_pellets,slug pellets,burnt,glued shut,maybe
40,burnt_soda_siphon,soda siphon,burnt,labeled MOM,maybe
40,burnt_wax_seal_kit,wax seal kit,burnt,zip-tied,maybe
40,burnt_wig_stand,wig stand,burnt,full of coins,maybe
40,dedicated_clothes_iron,clothes iron,dedicated,won at carnival,maybe
40,dedicated_deep_fryer,deep fryer,dedicated,full of coins,maybe
40,dedicated_felt_board,felt board,dedicated,full of coins,maybe
40,dedicated_fondue_set,fondue set,dedicated,in a trash bag,maybe
40,dedicated_globe_stand,globe stand,dedicated,opened once,yes
40,dedicated_katana_display,katana display,dedicated,padlocked,maybe
40,dedicated_mealworm_farm,mealworm farm,dedicated,taped shut,maybe
40,dedicated_payphone_handset,payphone handset,dedicated,with a photo,maybe
40,dedicated_pedicure_tub,pedicure tub,dedicated,with no power cord,maybe
40,dedicated_player_piano_roll,player piano roll,dedicated,with instructions missing page 2,maybe
40,dedicated_poker_chip_rack,poker chip rack,dedicated,taped shut,maybe
40,dedicated_top_hat_rabbit,top hat rabbit,dedicated,with the wrong remote,maybe
40,expired_baggage_scale,baggage scale,expired,in a trash bag,maybe
40,expired_bird_bath,bird bath,expired,in a trash bag,maybe
40,expired_bottle_ship_broken,bottle ship broken,expired,with the wrong remote,maybe
40,expired_leash_retractable,leash retractable,expired,from a flood,maybe
40,expired_magic_set_kids,magic set kids,expired,padlocked,maybe
40,expired_pulse_oximeter,pulse oximeter,expired,wrapped in newspaper,maybe
40,expired_ribbon_blue,ribbon blue,expired,smelling of smoke,maybe
40,expired_skeleton_half,skeleton half,expired,glued shut,maybe
40,foreclosure_apothecary_jar,apothecary jar,foreclosure,from a flood,maybe
40,foreclosure_canvas_blank,canvas blank,foreclosure,smelling of smoke,maybe
40,foreclosure_circular_saw,circular saw,foreclosure,with instructions missing page 2,maybe
40,foreclosure_egg_candler,egg candler,foreclosure,opened once,maybe
40,foreclosure_executive_toy,executive toy,foreclosure,with a photo,maybe
40,foreclosure_fabric_shaver,fabric shaver,foreclosure,with no power cord,maybe
40,foreclosure_fax_machine,fax machine,foreclosure,with mouse droppings,maybe
40,foreclosure_fly_swatter_set,fly swatter set,foreclosure,padlocked,maybe
40,foreclosure_garage_opener,garage opener,foreclosure,never opened,maybe
40,foreclosure_hat_box_leather,hat box leather,foreclosure,from a flood,maybe
40,foreclosure_kite_broken,kite broken,foreclosure,with a note,maybe
40,foreclosure_macrame_plant,macrame plant,foreclosure,padlocked,maybe
40,foreclosure_magic_set_kids,magic set kids,foreclosure,labeled FREE,maybe
40,foreclosure_medical_dummy,medical dummy,foreclosure,full of sand,maybe
40,foreclosure_music_box_ballerina,music box ballerina,foreclosure,labeled DO NOT SELL,maybe
40,foreclosure_recorder_plastic,recorder plastic,foreclosure,wrapped in newspaper,maybe
40,foreclosure_ribbon_blue,ribbon blue,foreclosure,taped shut,maybe
40,foreclosure_snake_hook,snake hook,foreclosure,with mouse droppings,maybe
40,foreclosure_soil_tester,soil tester,foreclosure,with instructions missing page 2,maybe
40,foreclosure_space_heater,space heater,foreclosure,smelling of perfume,maybe
40,foreclosure_uv_sterilizer,UV sterilizer,foreclosure,taped shut,maybe
40,foreclosure_wax_seal_kit,wax seal kit,foreclosure,full of sand,maybe
40,foreclosure_weave_poles,weave poles,foreclosure,in a trash bag,maybe
40,foreclosure_wheelchair_fold,wheelchair fold,foreclosure,opened once,maybe
40,foreclosure_zipper_bag,zipper bag,foreclosure,from a fire sale,maybe
40,lab_beekeeping_veil,beekeeping veil,lab,with mouse droppings,maybe
40,lab_beer_growler,beer growler,lab,from a flood,maybe
40,lab_cedar_chest,cedar chest,lab,smelling of perfume,maybe
40,lab_compass_brass,compass brass,lab,labeled FREE,maybe
40,lab_egg_beater,egg beater,lab,from a flood,maybe
40,lab_flash_bulb_box,flash bulb box,lab,with a photo,maybe
40,lab_forehead_thermometer,forehead thermometer,lab,with instructions missing page 2,maybe
40,lab_guest_book,guest book,lab,smelling of perfume,maybe
40,lab_hydroponics_tray,hydroponics tray,lab,glued shut,maybe
40,lab_menu_diner,menu diner,lab,smelling of smoke,maybe
40,lab_nightstick_foam,nightstick foam,lab,smelling of perfume,maybe
40,lab_scratching_post,scratching post,lab,wrapped in newspaper,maybe
40,lab_slide_rule,slide rule,lab,from a flood,maybe
40,lab_wine_barrel_bung,wine barrel bung,lab,labeled DO NOT SELL,maybe
40,limited_banjo,banjo,limited,never opened,maybe
40,limited_bill_counter,bill counter,limited,labeled MOM,maybe
40,limited_birth_certificate_frame,birth certificate frame,limited,taped shut,maybe
40,limited_bodycam_fake,bodycam fake,limited,taped shut,maybe
40,limited_boutonniere_dried,boutonniere dried,limited,with mouse droppings,maybe
40,limited_chain_and_lock,chain and lock,limited,opened once,maybe
40,limited_choir_robe,choir robe,limited,from a fire sale,maybe
40,limited_crepe_maker,crepe maker,limited,opened once,maybe
40,limited_deep_fryer,deep fryer,limited,labeled MOM,maybe
40,limited_diaper_genie,diaper genie,limited,with a photo,maybe
40,limited_fountain_pen,fountain pen,limited,with the wrong remote,maybe
40,limited_instant_pot_clone,instant pot clone,limited,won at carnival,maybe
40,limited_loom_mini,loom mini,limited,with a note,maybe
40,limited_nightstick_foam,nightstick foam,limited,with a note,maybe
40,limited_pastry_blender,pastry blender,limited,won at carnival,maybe
40,limited_pokemon_cards_binder,Pokemon cards binder,limited,with mouse droppings,maybe
40,limited_room_number_plate,room number plate,limited,with the wrong remote,maybe
40,limited_t_square,T-square,limited,with a photo,maybe
40,limited_tow_strap,tow strap,limited,smelling of smoke,maybe
40,limited_trophy_bowling,trophy bowling,limited,with no power cord,maybe
40,limited_vanity_plate,vanity plate,limited,with a dead battery,maybe
40,plastic_ant_bait,ant bait,plastic,labeled FREE,maybe
40,plastic_band_jacket,band jacket,plastic,labeled FREE,maybe
40,plastic_beach_umbrella,beach umbrella,plastic,with a receipt,maybe
40,plastic_compass_brass,compass brass,plastic,full of sand,maybe
40,plastic_doorbell_wireless,doorbell wireless,plastic,with a dead battery,maybe
40,plastic_easel_collapsible,easel collapsible,plastic,from a fire sale,maybe
40,plastic_globe_stand,globe stand,plastic,with no power cord,yes
40,plastic_hot_plate,hot plate,plastic,with no power cord,maybe
40,plastic_kitchen_scale,kitchen scale,plastic,with a photo,maybe
40,plastic_litter_genie,litter genie,plastic,with a dead battery,maybe
40,plastic_lucky_cat,lucky cat,plastic,taped shut,maybe
40,plastic_night_light_moon,night light moon,plastic,labeled MOM,maybe
40,plastic_ring_pillow,ring pillow,plastic,with a photo,maybe
40,plastic_sega_genesis,Sega Genesis,plastic,from a fire sale,maybe
40,plastic_shoe_tree_pair,shoe tree pair,plastic,with mouse droppings,maybe
40,plastic_thread_rack,thread rack,plastic,labeled MOM,maybe
40,plastic_toast_rack,toast rack,plastic,smelling of perfume,maybe
40,plastic_visitor_badge_gun,visitor badge gun,plastic,won at carnival,maybe
40,plastic_yoga_block,yoga block,plastic,full of rice,maybe
40,rusty_alphabet_blocks,alphabet blocks,rusty,wrapped in newspaper,maybe
40,rusty_chew_stick_pack,chew stick pack,rusty,taped shut,maybe
40,rusty_church_hymnal,church hymnal,rusty,in a trash bag,maybe
40,rusty_ink_stone,ink stone,rusty,full of sand,maybe
40,rusty_jade_cabbage,jade cabbage,rusty,full of sand,maybe
40,rusty_music_box_ballerina,music box ballerina,rusty,won at carnival,maybe
40,rusty_passport_stamp_kit,passport stamp kit,rusty,labeled DO NOT SELL,maybe
40,rusty_pipe_rack,pipe rack,rusty,in a trash bag,maybe
40,rusty_pruning_shears,pruning shears,rusty,zip-tied,maybe
40,rusty_punch_card_deck,punch card deck,rusty,from a flood,maybe
40,rusty_thermos_giant,thermos giant,rusty,labeled FREE,maybe
40,rusty_toasting_goblets,toasting goblets,rusty,in a trash bag,maybe
40,rusty_trailer_hitch_ball,trailer hitch ball,rusty,from a fire sale,maybe
40,rusty_tuning_fork,tuning fork,rusty,opened once,maybe
40,school_chiller_unit,chiller unit,school,labeled FREE,maybe
40,school_embosser_seal,embosser seal,school,smelling of perfume,maybe
40,school_katana_display,katana display,school,labeled FREE,maybe
40,school_lawn_flamingo_pair,lawn flamingo pair,school,from a flood,maybe
40,school_oxygen_bottle_prop,oxygen bottle prop,school,opened once,maybe
40,school_skull_candle_holder,skull candle holder,school,never opened,maybe
40,school_sneezing_powder,sneezing powder,school,full of coins,maybe
40,school_stacking_rings,stacking rings,school,from a flood,maybe
40,school_test_kit_water,test kit water,school,won at carnival,maybe
40,school_thermometer_ear,thermometer ear,school,zip-tied,maybe
40,school_tweezers_gold,tweezers gold,school,labeled MOM,maybe
40,school_ultrasonic_trainer,ultrasonic trainer,school,with a dead battery,maybe
40,school_welding_mask,welding mask,school,labeled MOM,maybe
40,signed_abacus_kids,abacus kids,signed,with a receipt,maybe
40,signed_acrylic_set,acrylic set,signed,with no power cord,maybe
40,signed_addressograph,addressograph,signed,in a trash bag,maybe
40,signed_angle_grinder,angle grinder,signed,zip-tied,maybe
40,signed_bayonet_dull,bayonet dull,signed,taped shut,maybe
40,signed_blacklight,blacklight,signed,opened once,maybe
40,signed_blotter_pad,blotter pad,signed,with a receipt,maybe
40,signed_cake_stand,cake stand,signed,with a dead battery,maybe
40,signed_clothes_iron,clothes iron,signed,labeled FREE,maybe
40,signed_conga,conga,signed,with a receipt,maybe
40,signed_crepe_maker,crepe maker,signed,smelling of smoke,maybe
40,signed_discman,Discman,signed,wrapped in newspaper,maybe
40,signed_drill_press,drill press,signed,taped shut,maybe
40,signed_honey_extractor_toy,honey extractor toy,signed,with the wrong remote,maybe
40,signed_horseshoe_set,horseshoe set,signed,with no power cord,maybe
40,signed_kong_dirty,kong dirty,signed,won at carnival,maybe
40,signed_laser_pointer,laser pointer,signed,in a trash bag,maybe
40,signed_mask_gas_antique,mask gas antique,signed,with a photo,maybe
40,signed_pet_id_tag_engraver,pet ID tag engraver,signed,zip-tied,maybe
40,signed_piñata_empty,piñata empty,signed,with the wrong remote,maybe
40,signed_player_piano_roll,player piano roll,signed,with a note,maybe
40,signed_red_light_panel,red light panel,signed,labeled MOM,maybe
40,signed_refractometer,refractometer,signed,taped shut,maybe
40,signed_storage_ottoman,storage ottoman,signed,padlocked,maybe
40,signed_water_bottle_sipper,water bottle sipper,signed,full of rice,maybe
40,signed_white_noise_machine,white noise machine,signed,with a photo,maybe
